Channel Id,Channel Url,Channel Title
UC-2YHgc363EdcusLIBbgxzg,http://www.youtube.com/channel/UC-2YHgc363EdcusLIBbgxzg,Joe Scott
UC-3J5xNrAbTLbU1gN8mMpOA,http://www.youtube.com/channel/UC-3J5xNrAbTLbU1gN8mMpOA,Nitro Rad
UC-7hlIE5Q5fftRA0uqNOjXw,http://www.youtube.com/channel/UC-7hlIE5Q5fftRA0uqNOjXw,Spaceman Scott
UC-cz4AgsGxBe8bXFc30K80w,http://www.youtube.com/channel/UC-cz4AgsGxBe8bXFc30K80w,Melody Nosurname
UC-eegKVWEgBCa4OzjnK_PtA,http://www.youtube.com/channel/UC-eegKVWEgBCa4OzjnK_PtA,TLDR News EU
UC-gyf8xqFLLDQJQSSodRkcA,http://www.youtube.com/channel/UC-gyf8xqFLLDQJQSSodRkcA,3D Printy
UC-oYqxpi6TO1J7BjQksSuOA,http://www.youtube.com/channel/UC-oYqxpi6TO1J7BjQksSuOA,gabi belle
UC-sAcmRtqNGvK19xDJTHOcw,http://www.youtube.com/channel/UC-sAcmRtqNGvK19xDJTHOcw,Retro48K
UC-ufRLYrXxrIEApGn9VG5pQ,http://www.youtube.com/channel/UC-ufRLYrXxrIEApGn9VG5pQ,Reject Convenience
UC-yuWVUplUJZvieEligKBkA,http://www.youtube.com/channel/UC-yuWVUplUJZvieEligKBkA,javidx9
UC04RYGK0kWq2GJH7uKuvdFg,http://www.youtube.com/channel/UC04RYGK0kWq2GJH7uKuvdFg,Mike Rafi - Personal Injury Lawyer
UC08QfQDLAd9D7aYPFgBUIng,http://www.youtube.com/channel/UC08QfQDLAd9D7aYPFgBUIng,AdamCYounis
UC0SyhPy7VsMQCIYDszFaplQ,http://www.youtube.com/channel/UC0SyhPy7VsMQCIYDszFaplQ,Austin Eruption
UC0cwMWMQbju8OfsXx_W5S7Q,http://www.youtube.com/channel/UC0cwMWMQbju8OfsXx_W5S7Q,Eryx Channel
UC0fDG3byEcMtbOqPMymDNbw,http://www.youtube.com/channel/UC0fDG3byEcMtbOqPMymDNbw,/noclip
UC0vBXGSyV14uvJ4hECDOl0Q,http://www.youtube.com/channel/UC0vBXGSyV14uvJ4hECDOl0Q,Techquickie
UC15BJjhPr4d5gTClhmC4HRw,http://www.youtube.com/channel/UC15BJjhPr4d5gTClhmC4HRw,Elliot Coll
UC18Z3nIH8jcfgKwBCjOuqSQ,http://www.youtube.com/channel/UC18Z3nIH8jcfgKwBCjOuqSQ,Rduino
UC18ju52OET36bdewLRHzPdQ,http://www.youtube.com/channel/UC18ju52OET36bdewLRHzPdQ,brutalmoose
UC1MmrnDaPnNa55twYBiH4NA,http://www.youtube.com/channel/UC1MmrnDaPnNa55twYBiH4NA,Polyfjord
UC1V-DYqsaj764uBis9-UDug,http://www.youtube.com/channel/UC1V-DYqsaj764uBis9-UDug,Foureyes Furniture
UC1fKT0wuhchtclPqpdWEnHw,http://www.youtube.com/channel/UC1fKT0wuhchtclPqpdWEnHw,NeverKnowsBest
UC1kFilTL-VyPXuMpcHxBLHw,http://www.youtube.com/channel/UC1kFilTL-VyPXuMpcHxBLHw,JayBoyModz
UC1nml5Y5DY_hyFsqa5WbZrg,http://www.youtube.com/channel/UC1nml5Y5DY_hyFsqa5WbZrg,SpaceCat
UC1pAUT1bL7fV9VBp3A6F8FQ,http://www.youtube.com/channel/UC1pAUT1bL7fV9VBp3A6F8FQ,GEMAPLYS
UC1prSx-mb9EfySk3pWIF1xw,http://www.youtube.com/channel/UC1prSx-mb9EfySk3pWIF1xw,Charlie Designs
UC1wZGocgLvopgOqBUFCyIJA,http://www.youtube.com/channel/UC1wZGocgLvopgOqBUFCyIJA,Second Wind
UC2Egt30phfTNZO5Yxb-sbyw,http://www.youtube.com/channel/UC2Egt30phfTNZO5Yxb-sbyw,ManyKudos
UC2FcFrXxhKDjC6LymB0jylQ,http://www.youtube.com/channel/UC2FcFrXxhKDjC6LymB0jylQ,Heydon Pickering
UC2LVhJH_9cT2XKp0VAfsKOQ,http://www.youtube.com/channel/UC2LVhJH_9cT2XKp0VAfsKOQ,The Tim Traveller
UC2PA-AKmVpU6NKCGtZq_rKQ,http://www.youtube.com/channel/UC2PA-AKmVpU6NKCGtZq_rKQ,Philosophy Tube
UC2PkcZLUMkYNj1a86rppVBA,http://www.youtube.com/channel/UC2PkcZLUMkYNj1a86rppVBA,RobotnikHolmes
UC2SVUGk_kWw62xkFxOGI7Ig,http://www.youtube.com/channel/UC2SVUGk_kWw62xkFxOGI7Ig,Internet Pitstop
UC2SxS5P71Ko7DmrFMxeHftg,http://www.youtube.com/channel/UC2SxS5P71Ko7DmrFMxeHftg,The Plop
UC2V1ul4ul85kac0Y81wXTqQ,http://www.youtube.com/channel/UC2V1ul4ul85kac0Y81wXTqQ,Kwite
UC2YgTFZyJr1j6fft_ywS7mg,http://www.youtube.com/channel/UC2YgTFZyJr1j6fft_ywS7mg,Entroisdimensions
UC2_KC8lshtCyiLApy27raYw,http://www.youtube.com/channel/UC2_KC8lshtCyiLApy27raYw,KnowledgeHusk
UC2xsUZ3VpPpfshLYh1sfpRw,http://www.youtube.com/channel/UC2xsUZ3VpPpfshLYh1sfpRw,Furkan Sarıhan
UC3HjOlfXBQJO12-YhumbJCg,http://www.youtube.com/channel/UC3HjOlfXBQJO12-YhumbJCg,Aztrosist
UC3IutaQ8P7hT9UJyBbA2-sQ,http://www.youtube.com/channel/UC3IutaQ8P7hT9UJyBbA2-sQ,Christian Alfoni
UC3KEoMzNz8eYnwBC34RaKCQ,http://www.youtube.com/channel/UC3KEoMzNz8eYnwBC34RaKCQ,Simone Giertz
UC3UFSVP6ormiRWUg_rmH2zA,http://www.youtube.com/channel/UC3UFSVP6ormiRWUg_rmH2zA,HITC Football
UC3XaGYiUNNsxllO6kAZsd_Q,http://www.youtube.com/channel/UC3XaGYiUNNsxllO6kAZsd_Q,White_Pointer Gaming
UC3YgOn-D_cbUb7QiFccV8mQ,http://www.youtube.com/channel/UC3YgOn-D_cbUb7QiFccV8mQ,EZScape Speedruns
UC4CsqctrGOn4NTz09sAhXwQ,http://www.youtube.com/channel/UC4CsqctrGOn4NTz09sAhXwQ,Macho Nacho Productions
UC4DMThX0F-h6F1nzCbp6shw,http://www.youtube.com/channel/UC4DMThX0F-h6F1nzCbp6shw,NOT THE GOOD GIRL
UC4OPqfX3clJgmb_K72Pu-kA,http://www.youtube.com/channel/UC4OPqfX3clJgmb_K72Pu-kA,3D Printer Academy
UC4ZMQij7sIUzwM0w2F0eFJg,http://www.youtube.com/channel/UC4ZMQij7sIUzwM0w2F0eFJg,Gotta Play 'Em All
UC4rqhyiTs7XyuODcECvuiiQ,http://www.youtube.com/channel/UC4rqhyiTs7XyuODcECvuiiQ,Scott The Woz
UC50IqyEkFm1mUo1khTdbDhQ,http://www.youtube.com/channel/UC50IqyEkFm1mUo1khTdbDhQ,Minibricks
UC5Axef4J11DIu17y2RKVqNQ,http://www.youtube.com/channel/UC5Axef4J11DIu17y2RKVqNQ,The Present Past
UC5I2hjZYiW9gZPVkvzM8_Cw,http://www.youtube.com/channel/UC5I2hjZYiW9gZPVkvzM8_Cw,Techmoan
UC5Xeb9-FhZXgvw340n7PsCQ,http://www.youtube.com/channel/UC5Xeb9-FhZXgvw340n7PsCQ,Stop Skeletons From Fighting
UC5k3Kc0avyDJ2nG9Kxm9JmQ,http://www.youtube.com/channel/UC5k3Kc0avyDJ2nG9Kxm9JmQ,Bright Sun Films
UC5miyvhPsWWyfTulnJ43koQ,http://www.youtube.com/channel/UC5miyvhPsWWyfTulnJ43koQ,UncommentatedPannen
UC5zrr8Sv-8jdb-62vnk0K-Q,http://www.youtube.com/channel/UC5zrr8Sv-8jdb-62vnk0K-Q,PunIntended
UC6-ymYjG0SU0jUWnWh9ZzEQ,http://www.youtube.com/channel/UC6-ymYjG0SU0jUWnWh9ZzEQ,Wisecrack
UC61xvGnAZx7vtsfDw08e-RQ,http://www.youtube.com/channel/UC61xvGnAZx7vtsfDw08e-RQ,Earlybird
UC6Mjg5R5QOJYjrio1JmP8Fg,http://www.youtube.com/channel/UC6Mjg5R5QOJYjrio1JmP8Fg,oompaville
UC6QNjBn6KMq5-pe3OE11zZg,http://www.youtube.com/channel/UC6QNjBn6KMq5-pe3OE11zZg,Slant 3D
UC6esFMAIud24sYSHfHGzPhg,http://www.youtube.com/channel/UC6esFMAIud24sYSHfHGzPhg,Kosmic
UC6hWqs5McXbV1WPitfZK_PQ,http://www.youtube.com/channel/UC6hWqs5McXbV1WPitfZK_PQ,Robinson Foundry
UC6m9KFU-whp0lkjms-sQpdQ,http://www.youtube.com/channel/UC6m9KFU-whp0lkjms-sQpdQ,Project Edan
UC6mIxFTvXkWQVEHPsEdflzQ,http://www.youtube.com/channel/UC6mIxFTvXkWQVEHPsEdflzQ,GreatScott!
UC6me-RzbQFQ-kRyr6BlGZWg,http://www.youtube.com/channel/UC6me-RzbQFQ-kRyr6BlGZWg,Paul E.T.
UC7-1mTIOTsRDHwWqtvwTPPQ,http://www.youtube.com/channel/UC7-1mTIOTsRDHwWqtvwTPPQ,The Creepy & The Cozy
UC7-Z34pbJ0ZAOJRmUCEz0Cg,http://www.youtube.com/channel/UC7-Z34pbJ0ZAOJRmUCEz0Cg,Geography By Geoff
UC76WIOckxPA4GPq3XI4s-lg,http://www.youtube.com/channel/UC76WIOckxPA4GPq3XI4s-lg,MINMOMINMO
UC7M-Wz4zK8oikt6ATcoTwBA,http://www.youtube.com/channel/UC7M-Wz4zK8oikt6ATcoTwBA,Freya Holmér
UC7Mc73LibpiNu1ePUh9XHXg,http://www.youtube.com/channel/UC7Mc73LibpiNu1ePUh9XHXg,Pixelpaul
UC7N8EBm9WX0gsLbbmkIWH9w,http://www.youtube.com/channel/UC7N8EBm9WX0gsLbbmkIWH9w,Pretzel
UC7OO80qJzGTLOj_6-0dmOiA,http://www.youtube.com/channel/UC7OO80qJzGTLOj_6-0dmOiA,Pixel Pete (Peter Milko)  
UC7UlDAC-XsVt1zL9XHy1ZTw,http://www.youtube.com/channel/UC7UlDAC-XsVt1zL9XHy1ZTw,Wyvrn
UC7YOGHUfC1Tb6E4pudI9STA,http://www.youtube.com/channel/UC7YOGHUfC1Tb6E4pudI9STA,Mental Outlaw
UC7bFH0Wzz-qIsWo8D4N8egQ,http://www.youtube.com/channel/UC7bFH0Wzz-qIsWo8D4N8egQ,Mhanollo Ghames
UC7nZDhwGMURywNeJgDbyn1g,http://www.youtube.com/channel/UC7nZDhwGMURywNeJgDbyn1g,Burst Error
UC7uHWFLx-zVkHxGfA4dbdFw,http://www.youtube.com/channel/UC7uHWFLx-zVkHxGfA4dbdFw,g0at
UC7zsxKqd5MicTf4VhS9Y74g,http://www.youtube.com/channel/UC7zsxKqd5MicTf4VhS9Y74g,Kurtis Conner
UC806fwFWpiLQV5y-qifzHnA,http://www.youtube.com/channel/UC806fwFWpiLQV5y-qifzHnA,William Candillon
UC87SpJttC5ABuxyQVk247ww,http://www.youtube.com/channel/UC87SpJttC5ABuxyQVk247ww,Afodercomtudo
UC89AgkG34oooZubVt23wzFw,http://www.youtube.com/channel/UC89AgkG34oooZubVt23wzFw,JLaservideo
UC8AvcEE8l8mHs-rZTXoynVQ,http://www.youtube.com/channel/UC8AvcEE8l8mHs-rZTXoynVQ,LADB Restoration
UC8butISFwT-Wl7EV0hUK0BQ,http://www.youtube.com/channel/UC8butISFwT-Wl7EV0hUK0BQ,freeCodeCamp.org
UC8cZ9g1sopNc50D9NqVBbug,http://www.youtube.com/channel/UC8cZ9g1sopNc50D9NqVBbug,JohnRiggs
UC8i8e7likh-EYMq1bZ0ttHw,http://www.youtube.com/channel/UC8i8e7likh-EYMq1bZ0ttHw,Uncle Jessy
UC8oMvYlwaS7m5VpMwOTvgzw,http://www.youtube.com/channel/UC8oMvYlwaS7m5VpMwOTvgzw,Tor's Cabinet of Curiosities
UC8vz7FDmqQ6rPjwmV8ETOPA,http://www.youtube.com/channel/UC8vz7FDmqQ6rPjwmV8ETOPA,Antique & Vintage Restorations
UC9-y-6csu5WGm29I7JiwpnA,http://www.youtube.com/channel/UC9-y-6csu5WGm29I7JiwpnA,Computerphile
UC9L4gU9wd7ImK8vP4WnJ_wQ,http://www.youtube.com/channel/UC9L4gU9wd7ImK8vP4WnJ_wQ,Retro Bird
UC9L5cZrS5nQMXmckFJBFI6w,http://www.youtube.com/channel/UC9L5cZrS5nQMXmckFJBFI6w,Cipher
UC9PBzalIcEQCsiIkq36PyUA,http://www.youtube.com/channel/UC9PBzalIcEQCsiIkq36PyUA,Digital Foundry
UC9RM-iSvTu1uPJb8X5yp3EQ,http://www.youtube.com/channel/UC9RM-iSvTu1uPJb8X5yp3EQ,Wendover Productions
UC9VX0KXNH20x9MCH3xGjisg,http://www.youtube.com/channel/UC9VX0KXNH20x9MCH3xGjisg,Dope
UC9Yp2yz6-pwhQuPlIDV_mjA,http://www.youtube.com/channel/UC9Yp2yz6-pwhQuPlIDV_mjA,Chris Courses
UC9ZWVL1Elyt2cdiQYjxS_1w,http://www.youtube.com/channel/UC9ZWVL1Elyt2cdiQYjxS_1w,Kim Justice
UC9bORzxOWiewqMXxkmhAwAg,http://www.youtube.com/channel/UC9bORzxOWiewqMXxkmhAwAg,Gingy
UC9pDNUuabc9QVAm-WzXUe_A,http://www.youtube.com/channel/UC9pDNUuabc9QVAm-WzXUe_A,PandaMonium Reviews Every NTSC-U Sega Saturn Game
UCA4_bjxg0AQR72t1AUfyFkQ,http://www.youtube.com/channel/UCA4_bjxg0AQR72t1AUfyFkQ,Einar Kjartansson
UCA65_JiJ_2xGMH3pRfewgSg,http://www.youtube.com/channel/UCA65_JiJ_2xGMH3pRfewgSg,Timeless Trails Podcast
UCAQHQEO4QpI5dXtr3vLoFCg,http://www.youtube.com/channel/UCAQHQEO4QpI5dXtr3vLoFCg,The Detail Geek
UCAWfq5H9pWhYrFEvhCngWkQ,http://www.youtube.com/channel/UCAWfq5H9pWhYrFEvhCngWkQ,Cityscape Studio シティスケープスタジオ
UCAYF6ZY9gWBR1GW3R7PX7yw,http://www.youtube.com/channel/UCAYF6ZY9gWBR1GW3R7PX7yw,Majuular
UCAfpcnw3DvpcggcHKos_mvQ,http://www.youtube.com/channel/UCAfpcnw3DvpcggcHKos_mvQ,Pixel Overload
UCApXr7SG-SdNC7_cM3Br4cA,http://www.youtube.com/channel/UCApXr7SG-SdNC7_cM3Br4cA,Tales Hour
UCB4NFn-8oipHct0IfAQBQrQ,http://www.youtube.com/channel/UCB4NFn-8oipHct0IfAQBQrQ,Unnecessary Inventions
UCB5zZAm0b5-EqWkOEwHBE_A,http://www.youtube.com/channel/UCB5zZAm0b5-EqWkOEwHBE_A,Arch
UCBSiQmD3fLa6wgxNwqbzMQw,http://www.youtube.com/channel/UCBSiQmD3fLa6wgxNwqbzMQw,Bloops' Vault
UCBUptzqDIDc5sMxU2oYmLzA,http://www.youtube.com/channel/UCBUptzqDIDc5sMxU2oYmLzA,OrenClubs
UCBa659QWEk1AI4Tg--mrJ2A,http://www.youtube.com/channel/UCBa659QWEk1AI4Tg--mrJ2A,Tom Scott
UCBciYThS5hOiuQ4aOxw4hHg,http://www.youtube.com/channel/UCBciYThS5hOiuQ4aOxw4hHg,Inkbox
UCBeYDD6H2QHdWdypYvi3grg,http://www.youtube.com/channel/UCBeYDD6H2QHdWdypYvi3grg,Copycat
UCBq2LJclLonhNaDV_p809fA,http://www.youtube.com/channel/UCBq2LJclLonhNaDV_p809fA,Jake Simmons
UCBrKV6TRGNwUPuStYJlGzBw,http://www.youtube.com/channel/UCBrKV6TRGNwUPuStYJlGzBw,don’t look at me
UCBtIQfuoPEpeXo9QGVVr8Sw,http://www.youtube.com/channel/UCBtIQfuoPEpeXo9QGVVr8Sw,The Bad Movie Bible
UCC26K7LTSrJK0BPAUyyvtQg,http://www.youtube.com/channel/UCC26K7LTSrJK0BPAUyyvtQg,Brandon James Greer
UCC3ehuUksTyQ7bbjGntmx3Q,http://www.youtube.com/channel/UCC3ehuUksTyQ7bbjGntmx3Q,Perun
UCCHcEUksSVKsRDH86j77Ntg,http://www.youtube.com/channel/UCCHcEUksSVKsRDH86j77Ntg,thelonelyisland
UCCOD-tcFzMSiaNkSUB_KVjQ,http://www.youtube.com/channel/UCCOD-tcFzMSiaNkSUB_KVjQ,Downward Thrust
UCCPIY-eZdJ2tSCPd8EnPMYA,http://www.youtube.com/channel/UCCPIY-eZdJ2tSCPd8EnPMYA,Ryu
UCCS6ZRelvETSbA53xFEsa6w,http://www.youtube.com/channel/UCCS6ZRelvETSbA53xFEsa6w,ModBot
UCCS6pOOdEN_wKXk-sehbRJw,http://www.youtube.com/channel/UCCS6pOOdEN_wKXk-sehbRJw,Sketches For Humanity
UCCXq_iM-YNIjX_lkyBIl4Sg,http://www.youtube.com/channel/UCCXq_iM-YNIjX_lkyBIl4Sg,Virtual Carbon
UCCaOLUPbmS-04WkN7SEZytA,http://www.youtube.com/channel/UCCaOLUPbmS-04WkN7SEZytA,Under Studio
UCCd3jyJmOFzkJEMj5Bp89rw,http://www.youtube.com/channel/UCCd3jyJmOFzkJEMj5Bp89rw,Best Indie Games
UCChYCkbgArLsCl5DWlxuKhQ,http://www.youtube.com/channel/UCChYCkbgArLsCl5DWlxuKhQ,"Midge ""Mantissa"" Sinnaeve"
UCCkLMimnKzKbOQYxPDSYXFw,http://www.youtube.com/channel/UCCkLMimnKzKbOQYxPDSYXFw,samyam
UCCmP8KhVrB_6fKpdlss4SPA,http://www.youtube.com/channel/UCCmP8KhVrB_6fKpdlss4SPA,Matt HM
UCCotQ9x_MPdw3fwEpCxlbnQ,http://www.youtube.com/channel/UCCotQ9x_MPdw3fwEpCxlbnQ,ClayClaim
UCCtq5FqF_sklPX3MosHx6yA,http://www.youtube.com/channel/UCCtq5FqF_sklPX3MosHx6yA,mothcub
UCCvcd0FYi58LwyTQP9LITpA,http://www.youtube.com/channel/UCCvcd0FYi58LwyTQP9LITpA,Soft White Underbelly
UCDNO9S1K4AOcvrJzrc8Vgrg,http://www.youtube.com/channel/UCDNO9S1K4AOcvrJzrc8Vgrg,Sounds Like Van Spirit
UCDPYk0hMYoeg-qMy61GgNoA,http://www.youtube.com/channel/UCDPYk0hMYoeg-qMy61GgNoA,3DELWORLD 3D Printing
UCDaja1uwOZcPu9eehTSlXTA,http://www.youtube.com/channel/UCDaja1uwOZcPu9eehTSlXTA,Visionary 3D
UCDfr25a1fzOgWZFwvIIRuHg,http://www.youtube.com/channel/UCDfr25a1fzOgWZFwvIIRuHg,GingerOfOz
UCDqvQ9S0mtYQ-mIwSi7gaBA,http://www.youtube.com/channel/UCDqvQ9S0mtYQ-mIwSi7gaBA,Teach 3D-Printing
UCDwMh0pu1iSXeKx7qmqjIQA,http://www.youtube.com/channel/UCDwMh0pu1iSXeKx7qmqjIQA,Device Orchestra
UCE1jXbVAGJQEORz9nZqb5bQ,http://www.youtube.com/channel/UCE1jXbVAGJQEORz9nZqb5bQ,Ahoy
UCEF0D1xw0jKkSNQzxrirWng,http://www.youtube.com/channel/UCEF0D1xw0jKkSNQzxrirWng,StuntPegg
UCEHXNknwbsRu73QsakWIdzQ,http://www.youtube.com/channel/UCEHXNknwbsRu73QsakWIdzQ,The8BitDrummer
UCETZ4AkABYwBRzpWBJ33KUw,http://www.youtube.com/channel/UCETZ4AkABYwBRzpWBJ33KUw,Bobby Ivar
UCETeXD_3awsQv-9rSdCYXQQ,http://www.youtube.com/channel/UCETeXD_3awsQv-9rSdCYXQQ,GET HANDS DIRTY
UCEwhtpXrg5MmwlH04ANpL8A,http://www.youtube.com/channel/UCEwhtpXrg5MmwlH04ANpL8A,SimonDev
UCF0SRAnWz56UBv-upYD0B5Q,http://www.youtube.com/channel/UCF0SRAnWz56UBv-upYD0B5Q,SwankyBox
UCF6wu26Tp6yAQkRu6S1iTcg,http://www.youtube.com/channel/UCF6wu26Tp6yAQkRu6S1iTcg,CG bird
UCF8hefMp-gYUyYd9mC1_IGg,http://www.youtube.com/channel/UCF8hefMp-gYUyYd9mC1_IGg,Fairlii
UCFAmxzLAzEZpnSgsrizyd6Q,http://www.youtube.com/channel/UCFAmxzLAzEZpnSgsrizyd6Q,Triple R
UCFMtWss3wyRmSgul8D5MpVw,http://www.youtube.com/channel/UCFMtWss3wyRmSgul8D5MpVw,waking world
UCFcW86JuchB35JyRc8GQrag,http://www.youtube.com/channel/UCFcW86JuchB35JyRc8GQrag,Lute
UCFg9-S0cfu3UvBYuSNFT9hQ,http://www.youtube.com/channel/UCFg9-S0cfu3UvBYuSNFT9hQ,RagnarRox
UCFhXFikryT4aFcLkLw2LBLA,http://www.youtube.com/channel/UCFhXFikryT4aFcLkLw2LBLA,NileRed
UCFsW4frG04I5NuMNxTsTuDA,http://www.youtube.com/channel/UCFsW4frG04I5NuMNxTsTuDA,MrRescue
UCG-geFUwAAnYCZtOkM4PtmA,http://www.youtube.com/channel/UCG-geFUwAAnYCZtOkM4PtmA,RetroBreak
UCG-qQe1mnh4JVKhuJkdh8KA,http://www.youtube.com/channel/UCG-qQe1mnh4JVKhuJkdh8KA,dreading (crime and psychology)
UCG5qGWdu8nIRZqJ_GgDwQ-w,http://www.youtube.com/channel/UCG5qGWdu8nIRZqJ_GgDwQ-w,Premier League
UCG7J20LhUeLl6y_Emi7OJrA,http://www.youtube.com/channel/UCG7J20LhUeLl6y_Emi7OJrA,The Studio
UCG8AxMVa6eutIGxrdnDxWpQ,http://www.youtube.com/channel/UCG8AxMVa6eutIGxrdnDxWpQ,CG Geek
UCGAHJvUysiUZQc8fEBN8-zQ,http://www.youtube.com/channel/UCGAHJvUysiUZQc8fEBN8-zQ,Aidy Burrows 3D
UCGBkZd5zgYmrGPf7k3reKlg,http://www.youtube.com/channel/UCGBkZd5zgYmrGPf7k3reKlg,PrintMyRide
UCGDa8eP-3SrsQElDtr7bfyg,http://www.youtube.com/channel/UCGDa8eP-3SrsQElDtr7bfyg,花のあそびばcairo
UCGMyyn2FdEFcDfP1wQRh5lQ,http://www.youtube.com/channel/UCGMyyn2FdEFcDfP1wQRh5lQ,Erindale
UCGSJevmBuDyxjLLOBNaYMGA,http://www.youtube.com/channel/UCGSJevmBuDyxjLLOBNaYMGA,Polygon Runway
UCGYYNGmyhZ_kwBF_lqqXdAQ,http://www.youtube.com/channel/UCGYYNGmyhZ_kwBF_lqqXdAQ,Tifo Football by The Athletic
UCGl7qkMPao3EBkxIDlPal4g,http://www.youtube.com/channel/UCGl7qkMPao3EBkxIDlPal4g,Puzzle guy
UCGoSa4vQCEfEiQF6b9zebRg,http://www.youtube.com/channel/UCGoSa4vQCEfEiQF6b9zebRg,Choctopus
UCGwu0nbY2wSkW8N-cghnLpA,http://www.youtube.com/channel/UCGwu0nbY2wSkW8N-cghnLpA,JaidenAnimations
UCHS5XKgf2FCBF8pZllE_bjw,http://www.youtube.com/channel/UCHS5XKgf2FCBF8pZllE_bjw,Royal Ballet and Opera
UCHTfqIzPKz4f_dri36lAQGA,http://www.youtube.com/channel/UCHTfqIzPKz4f_dri36lAQGA,SUSE
UCHY7vF1gWBVi9wKowlosIXA,http://www.youtube.com/channel/UCHY7vF1gWBVi9wKowlosIXA,Carter Semrad
UCH_7doiCkWeq0v3ycWE5lDw,http://www.youtube.com/channel/UCH_7doiCkWeq0v3ycWE5lDw,Any Austin
UCHihootMqyGz175gqOPahtw,http://www.youtube.com/channel/UCHihootMqyGz175gqOPahtw,CrossMind Studio
UCHkqtrnQO2HMyW50ixOtJGw,http://www.youtube.com/channel/UCHkqtrnQO2HMyW50ixOtJGw,This Dot Media
UCHnyfMqiRRG1u-2MsSQLbXA,http://www.youtube.com/channel/UCHnyfMqiRRG1u-2MsSQLbXA,Veritasium
UCHoRvL_JN1_pqRmMlgfUVsQ,http://www.youtube.com/channel/UCHoRvL_JN1_pqRmMlgfUVsQ,Chill Fuel
UCHu2KNu6TtJ0p4hpSW7Yv7Q,http://www.youtube.com/channel/UCHu2KNu6TtJ0p4hpSW7Yv7Q,Jazza
UCHu6yK2Ht1J7lfvYBXv0OsQ,http://www.youtube.com/channel/UCHu6yK2Ht1J7lfvYBXv0OsQ,Lily Alexandre
UCHztfqc60tTrR_UzNg9WTAw,http://www.youtube.com/channel/UCHztfqc60tTrR_UzNg9WTAw,Arne Bornheim
UCI7a3YdacmYKhnOTDflvdqg,http://www.youtube.com/channel/UCI7a3YdacmYKhnOTDflvdqg,Jon Holstead
UCIGEtjevANE0Nqain3EqNSg,http://www.youtube.com/channel/UCIGEtjevANE0Nqain3EqNSg,TysyTube Restoration
UCINK0NQc18vYefCcZy4GRWA,http://www.youtube.com/channel/UCINK0NQc18vYefCcZy4GRWA,Knarb Makes
UCIjIavVA7pz7X9zgbafTjTA,http://www.youtube.com/channel/UCIjIavVA7pz7X9zgbafTjTA,ToadBup
UCIw4ioKLP_tg_4QLrVO97qw,http://www.youtube.com/channel/UCIw4ioKLP_tg_4QLrVO97qw,F1nn5terLIVE
UCIySeFc0rD9_WK5CRCuB_oA,http://www.youtube.com/channel/UCIySeFc0rD9_WK5CRCuB_oA,The Golden Bolt
UCIyZiiHXIH7KkqfaDvBmG-Q,http://www.youtube.com/channel/UCIyZiiHXIH7KkqfaDvBmG-Q,EZScape
UCJ19KBELNeVLV7LdgrM9nMw,http://www.youtube.com/channel/UCJ19KBELNeVLV7LdgrM9nMw,Ryan
UCJ3tey6Vrdm0GGLEalsbqIw,http://www.youtube.com/channel/UCJ3tey6Vrdm0GGLEalsbqIw,Mark Molloy
UCJHA_jMfCvEnv-3kRjTCQXw,http://www.youtube.com/channel/UCJHA_jMfCvEnv-3kRjTCQXw,Binging with Babish
UCJHJBWNtaO2r77YEk-mhBCQ,http://www.youtube.com/channel/UCJHJBWNtaO2r77YEk-mhBCQ,Nate From the Internet
UCJV6Aj_S2G1T_gvNOu6xzMg,http://www.youtube.com/channel/UCJV6Aj_S2G1T_gvNOu6xzMg,Joe Bleeps
UCJacBqE8mNh-dbuSQO3yASA,http://www.youtube.com/channel/UCJacBqE8mNh-dbuSQO3yASA,Shrink Tank
UCJeim1BU1ZXAk224yXqlRVg,http://www.youtube.com/channel/UCJeim1BU1ZXAk224yXqlRVg,Random Art Attack
UCJfJWct8jN1RpCuVWk3zHTA,http://www.youtube.com/channel/UCJfJWct8jN1RpCuVWk3zHTA,Daryl Talks Games
UCJhsl2VeLfSXzkutwlICyZw,http://www.youtube.com/channel/UCJhsl2VeLfSXzkutwlICyZw,The Sphere Hunter
UCJm2TgUqtK1_NLBrjNQ1P-w,http://www.youtube.com/channel/UCJm2TgUqtK1_NLBrjNQ1P-w,Second Thought
UCJmlCcnfMlyPA2oSbb072QA,http://www.youtube.com/channel/UCJmlCcnfMlyPA2oSbb072QA,Sophie from Mars
UCJvcWOTistqk7sWzzxWSy2A,http://www.youtube.com/channel/UCJvcWOTistqk7sWzzxWSy2A,LionBricks
UCKCTmact-90hXpV2ns8GSsA,http://www.youtube.com/channel/UCKCTmact-90hXpV2ns8GSsA,DevDuck
UCKEFHBJ6e6Xw4XYxZSJg6jA,http://www.youtube.com/channel/UCKEFHBJ6e6Xw4XYxZSJg6jA,KiwiSeal
UCKMkV9T20tUOBqwsi5xh7HA,http://www.youtube.com/channel/UCKMkV9T20tUOBqwsi5xh7HA,Wholesome Games
UCKQaUO1IK2LXBgPKQCjjzXQ,http://www.youtube.com/channel/UCKQaUO1IK2LXBgPKQCjjzXQ,Monto Tech
UCKRK-1Us5GI_EgXrZpVeiBA,http://www.youtube.com/channel/UCKRK-1Us5GI_EgXrZpVeiBA,Macy Makes 3d
UCKUcoUpj1RS4xRiKkL8MooA,http://www.youtube.com/channel/UCKUcoUpj1RS4xRiKkL8MooA,Patrick Gibney
UCKVxu4inwYR1Z_18NJ6Xk9Q,http://www.youtube.com/channel/UCKVxu4inwYR1Z_18NJ6Xk9Q,rileyb3d
UCKWkhqAHjW4x2oRK_yzpxlA,http://www.youtube.com/channel/UCKWkhqAHjW4x2oRK_yzpxlA,RRC Restoration
UCKhw19mznhm4Ar9NcO1vzBw,http://www.youtube.com/channel/UCKhw19mznhm4Ar9NcO1vzBw,YourCoolUncleMarisa
UCKlUrYO3i9MDlL45Ia6j5EA,http://www.youtube.com/channel/UCKlUrYO3i9MDlL45Ia6j5EA,GmanLives
UCKn72wsF89-DxlA1jlq_fUA,http://www.youtube.com/channel/UCKn72wsF89-DxlA1jlq_fUA,SuperButterBuns
UCKzJFdi57J53Vr_BkTfN3uQ,http://www.youtube.com/channel/UCKzJFdi57J53Vr_BkTfN3uQ,Primer
UCL1VdVcXmP5sQyVLt81QMyg,http://www.youtube.com/channel/UCL1VdVcXmP5sQyVLt81QMyg,2 and 20
UCL4OyhjQciuRwdBOdR7RK6g,http://www.youtube.com/channel/UCL4OyhjQciuRwdBOdR7RK6g,Summer 85
UCLAXrf-ocexLOIjWXBF6AMQ,http://www.youtube.com/channel/UCLAXrf-ocexLOIjWXBF6AMQ,4amLaundry
UCLLHnS6pKU4GdGEZjysogqQ,http://www.youtube.com/channel/UCLLHnS6pKU4GdGEZjysogqQ,Boylei Hobby Time
UCLe_q9axMaeTbjN0hy1Z9xA,http://www.youtube.com/channel/UCLe_q9axMaeTbjN0hy1Z9xA,Caleb Hammer
UCLmzk98n_v2doN2Y20S-Zog,http://www.youtube.com/channel/UCLmzk98n_v2doN2Y20S-Zog,TheGamingBritShow
UCLx053rWZxCiYWsBETgdKrQ,http://www.youtube.com/channel/UCLx053rWZxCiYWsBETgdKrQ,LGR
UCLzFt-NdfCm8WFKTyqD0yJw,http://www.youtube.com/channel/UCLzFt-NdfCm8WFKTyqD0yJw,jmbiv
UCM15YNy8g-CaJ15YZCbq0Iw,http://www.youtube.com/channel/UCM15YNy8g-CaJ15YZCbq0Iw,North of the Border
UCM2YmsRUeIbRkqjgNm0eTGQ,http://www.youtube.com/channel/UCM2YmsRUeIbRkqjgNm0eTGQ,Journeyman Pictures
UCM2lGRFWdCCnxe_QNrVZ-gA,http://www.youtube.com/channel/UCM2lGRFWdCCnxe_QNrVZ-gA,windowledge
UCMLJ_TROV89ll587opuuY4w,http://www.youtube.com/channel/UCMLJ_TROV89ll587opuuY4w,Saultoons
UCMb0O2CdPBNi-QqPk5T3gsQ,http://www.youtube.com/channel/UCMb0O2CdPBNi-QqPk5T3gsQ,James Hoffmann
UCMm211NGh4Ls5SAMZJF7E8A,http://www.youtube.com/channel/UCMm211NGh4Ls5SAMZJF7E8A,pannenkoek2012
UCMosQZ8k4dPITlPZ0Q6kpog,http://www.youtube.com/channel/UCMosQZ8k4dPITlPZ0Q6kpog,Kaizen
UCMrMVIBtqFW6O0-MWq26gqw,http://www.youtube.com/channel/UCMrMVIBtqFW6O0-MWq26gqw,my mechanics
UCNBN5cN0UHyTsBmY3vs36xQ,http://www.youtube.com/channel/UCNBN5cN0UHyTsBmY3vs36xQ,Mister Patina
UCNMyoMaXJZITZaRKCz7G23Q,http://www.youtube.com/channel/UCNMyoMaXJZITZaRKCz7G23Q,Peter Knetter
UCNfTbxFqaPTMs9-2X_LxeBg,http://www.youtube.com/channel/UCNfTbxFqaPTMs9-2X_LxeBg,Joey Engelman
UCNmv1Cmjm3Hk8Vc9kIgv0AQ,http://www.youtube.com/channel/UCNmv1Cmjm3Hk8Vc9kIgv0AQ,Grimbeard
UCNoWXuKq6bVdUH5W6sYb2uA,http://www.youtube.com/channel/UCNoWXuKq6bVdUH5W6sYb2uA,beanzard64
UCNvsIonJdJ5E4EXMa65VYpA,http://www.youtube.com/channel/UCNvsIonJdJ5E4EXMa65VYpA,ContraPoints
UCNxIpuJ9MF8rcl9rrXAPUdQ,http://www.youtube.com/channel/UCNxIpuJ9MF8rcl9rrXAPUdQ,PIXXO 3D
UCNyQl8lQXYvPNKOzk38-jzw,http://www.youtube.com/channel/UCNyQl8lQXYvPNKOzk38-jzw,Captain Jack
UCO1cgjhGzsSYb1rsB4bFe4Q,http://www.youtube.com/channel/UCO1cgjhGzsSYb1rsB4bFe4Q,Fun Fun Function
UCO2x-p9gg9TLKneXlibGR7w,http://www.youtube.com/channel/UCO2x-p9gg9TLKneXlibGR7w,Snazzy Labs
UCODHrzPMGbNv67e84WDZhQQ,http://www.youtube.com/channel/UCODHrzPMGbNv67e84WDZhQQ,fern
UCOIrOnXJpDtit4vt5wlyVKQ,http://www.youtube.com/channel/UCOIrOnXJpDtit4vt5wlyVKQ,Critical Giants
UCOJcThk6NapqZjs8l9_He-A,http://www.youtube.com/channel/UCOJcThk6NapqZjs8l9_He-A,Creative Mindstorms
UCOKHwx1VCdgnxwbjyb9Iu1g,http://www.youtube.com/channel/UCOKHwx1VCdgnxwbjyb9Iu1g,Blender Guru
UCOT2iLov0V7Re7ku_3UBtcQ,http://www.youtube.com/channel/UCOT2iLov0V7Re7ku_3UBtcQ,Hank Green
UCOWrbryuVEPUMSSgayuLURg,http://www.youtube.com/channel/UCOWrbryuVEPUMSSgayuLURg,SouthernShotty
UCOiqB1MjAZpaq4m8WIoqQAw,http://www.youtube.com/channel/UCOiqB1MjAZpaq4m8WIoqQAw,J's Reviews
UCOkL7q2SeGZeZuj22njMYEA,http://www.youtube.com/channel/UCOkL7q2SeGZeZuj22njMYEA,Caddicarus
UCOlvTi0q97bLiodI3Oockhg,http://www.youtube.com/channel/UCOlvTi0q97bLiodI3Oockhg,Jet L
UCOsATJw-IZgqGT8MFrHjKGg,http://www.youtube.com/channel/UCOsATJw-IZgqGT8MFrHjKGg,Ice Cream Sandwich
UCOuddH5GyBXp-_tv_ASdp_A,http://www.youtube.com/channel/UCOuddH5GyBXp-_tv_ASdp_A,Nick Robinson (Babylonian)
UCOvidg1tD2CxSrEDtmUKfBw,http://www.youtube.com/channel/UCOvidg1tD2CxSrEDtmUKfBw,Bad History
UCP2i48hvOX55EogxBMH9iVw,http://www.youtube.com/channel/UCP2i48hvOX55EogxBMH9iVw,Art Beruang
UCP7W-OoVKoqS4BtyHu5eKxg,http://www.youtube.com/channel/UCP7W-OoVKoqS4BtyHu5eKxg,Kitze
UCPIBtu2SBuW_VFHwKwDOtYg,http://www.youtube.com/channel/UCPIBtu2SBuW_VFHwKwDOtYg,minimme
UCPJVs54XcE8RrdA_uW-lfUw,http://www.youtube.com/channel/UCPJVs54XcE8RrdA_uW-lfUw,Shane McGillicuddy
UCPKAKrjoMz7POptCloy7AIQ,http://www.youtube.com/channel/UCPKAKrjoMz7POptCloy7AIQ,LRN2DIY
UCPPJztUtNV7NV8pHDotulWg,http://www.youtube.com/channel/UCPPJztUtNV7NV8pHDotulWg,Nintendrew
UCPYtQkET_jYxFvXe34YI3_w,http://www.youtube.com/channel/UCPYtQkET_jYxFvXe34YI3_w,Joey Carlino
UCP_ALPdNtHqWC15VcOllBaw,http://www.youtube.com/channel/UCP_ALPdNtHqWC15VcOllBaw,Curt's Studio
UCPwuva5LbnwFTetkP_cUQHA,http://www.youtube.com/channel/UCPwuva5LbnwFTetkP_cUQHA,Paper Will
UCQ62eviBm92rz20hE1IIIXQ,http://www.youtube.com/channel/UCQ62eviBm92rz20hE1IIIXQ,Vincey
UCQAAtgbRBT6oYV2bUTYlsYw,http://www.youtube.com/channel/UCQAAtgbRBT6oYV2bUTYlsYw,graysons projects
UCQG40havu4kNpB4pxUDQhYQ,http://www.youtube.com/channel/UCQG40havu4kNpB4pxUDQhYQ,Acerola
UCQJQB-ij7HNYKCyNdi0Y--Q,http://www.youtube.com/channel/UCQJQB-ij7HNYKCyNdi0Y--Q,Make With Miles
UCQa2X1CNCxWF3M6h68g5q6g,http://www.youtube.com/channel/UCQa2X1CNCxWF3M6h68g5q6g,Challa
UCQpi8CvUH8SIlwQfcl79ngQ,http://www.youtube.com/channel/UCQpi8CvUH8SIlwQfcl79ngQ,orangewall
UCQt7F94Hxwc5YLVCcFJ1ckw,http://www.youtube.com/channel/UCQt7F94Hxwc5YLVCcFJ1ckw,chaomix
UCQtQAFL9KFXEWAnd7CFVz3A,http://www.youtube.com/channel/UCQtQAFL9KFXEWAnd7CFVz3A,intranetgirl
UCR1IuLEqb6UEA_zQ81kwXfg,http://www.youtube.com/channel/UCR1IuLEqb6UEA_zQ81kwXfg,Real Engineering
UCR6LasBpceuYUhuLToKBzvQ,http://www.youtube.com/channel/UCR6LasBpceuYUhuLToKBzvQ,Solar Sands
UCR9X2tT0_WVfuYO17vqstlA,http://www.youtube.com/channel/UCR9X2tT0_WVfuYO17vqstlA,Josh Strife Plays
UCRCB12Ga_qnWnfgFgFqS8yg,http://www.youtube.com/channel/UCRCB12Ga_qnWnfgFgFqS8yg,Corey's Hobbies
UCREMh5opLf-yHVuKvMhXLMQ,http://www.youtube.com/channel/UCREMh5opLf-yHVuKvMhXLMQ,HeyAndras
UCRVQnEnQzkhXZ4YiOvKk_TQ,http://www.youtube.com/channel/UCRVQnEnQzkhXZ4YiOvKk_TQ,MW Restoration
UCRcgy6GzDeccI7dkbbBna3Q,http://www.youtube.com/channel/UCRcgy6GzDeccI7dkbbBna3Q,LEMMiNO
UCRexPboeVnvnuK0aXtHqu_Q,http://www.youtube.com/channel/UCRexPboeVnvnuK0aXtHqu_Q,Raymond Cripps
UCRfQOSZV8azix7GdSdMIIFQ,http://www.youtube.com/channel/UCRfQOSZV8azix7GdSdMIIFQ,Octave Industries
UCRg2tBkpKYDxOKtX3GvLZcQ,http://www.youtube.com/channel/UCRg2tBkpKYDxOKtX3GvLZcQ,Retro Dodo
UCRkMMuJsSoCRjCBJ_2doyZQ,http://www.youtube.com/channel/UCRkMMuJsSoCRjCBJ_2doyZQ,ScottSeissComedy
UCRoa52yjJfSLlhVLuHdf0iw,http://www.youtube.com/channel/UCRoa52yjJfSLlhVLuHdf0iw,Nostalgia Goggles
UCS0N5baNlQWJCUrhCEo8WlA,http://www.youtube.com/channel/UCS0N5baNlQWJCUrhCEo8WlA,Ben Eater
UCSC1HqVmTaE4Shn32ihbC7w,http://www.youtube.com/channel/UCSC1HqVmTaE4Shn32ihbC7w,Bobby Duke Arts
UCSC6F-cM6_Xm3aJnHs6ZDVA,http://www.youtube.com/channel/UCSC6F-cM6_Xm3aJnHs6ZDVA,Joeseppi
UCSHPKdHZLhIU6lisWhsqNKQ,http://www.youtube.com/channel/UCSHPKdHZLhIU6lisWhsqNKQ,Screws And Tools
UCSJbGtTlrDami-tDGPUV9-w,http://www.youtube.com/channel/UCSJbGtTlrDami-tDGPUV9-w,Academind
UCSMqateX8OA2s1wsOR2EgJA,http://www.youtube.com/channel/UCSMqateX8OA2s1wsOR2EgJA,TLDR News
UCSRhwaM00ay0fasnsw6EXKA,http://www.youtube.com/channel/UCSRhwaM00ay0fasnsw6EXKA,dotconferences
UCSUf5_EPEfl4zlBKZHkZdmw,http://www.youtube.com/channel/UCSUf5_EPEfl4zlBKZHkZdmw,Danny Gonzalez
UCSWMraguMlNanVQgseTTr_Q,http://www.youtube.com/channel/UCSWMraguMlNanVQgseTTr_Q,f4mi
UCSZPlqBanfaWBLERKow29iA,http://www.youtube.com/channel/UCSZPlqBanfaWBLERKow29iA,Radical Slice
UCSaUrlltLDESXg5j9CXOmKw,http://www.youtube.com/channel/UCSaUrlltLDESXg5j9CXOmKw,Liam Manley
UCShccf0NLU7E3USx82Vu2jQ,http://www.youtube.com/channel/UCShccf0NLU7E3USx82Vu2jQ,Amelie Doree
UCSksodwjNeOQ3Oywr1G4Nag,http://www.youtube.com/channel/UCSksodwjNeOQ3Oywr1G4Nag,Engineezy
UCSl4Y5mQzWINY6ZWh04Ws6w,http://www.youtube.com/channel/UCSl4Y5mQzWINY6ZWh04Ws6w,LSuperSonicQ
UCSpFnDQr88xCZ80N-X7t0nQ,http://www.youtube.com/channel/UCSpFnDQr88xCZ80N-X7t0nQ,Corridor Crew
UCT0dmfFCLWuVKPWZ6wcdKyg,http://www.youtube.com/channel/UCT0dmfFCLWuVKPWZ6wcdKyg,James Jani
UCT6LaAC9VckZYJUzutUW3PQ,http://www.youtube.com/channel/UCT6LaAC9VckZYJUzutUW3PQ,Game Sack
UCTDWASrT-T6wMBcZU4IXCKQ,http://www.youtube.com/channel/UCTDWASrT-T6wMBcZU4IXCKQ,The Cursed Judge
UCTPQU7wiEr423xqD-2yJRBQ,http://www.youtube.com/channel/UCTPQU7wiEr423xqD-2yJRBQ,BeamBuddy
UCTROtIF7bDJc5klVGRzsMQw,http://www.youtube.com/channel/UCTROtIF7bDJc5klVGRzsMQw,polymatt
UCTSRIY3GLFYIpkR2QwyeklA,http://www.youtube.com/channel/UCTSRIY3GLFYIpkR2QwyeklA,Drew Gooden
UCThhMsHtYHWvd_jri49FInQ,http://www.youtube.com/channel/UCThhMsHtYHWvd_jri49FInQ,2CPhoenix
UCTzkxNEnbdvbBlgYl_W9daw,http://www.youtube.com/channel/UCTzkxNEnbdvbBlgYl_W9daw,Chris Spargo
UCU-ZyUKT3qiLzPuod6-pa-Q,http://www.youtube.com/channel/UCU-ZyUKT3qiLzPuod6-pa-Q,Daily Dose Of Football
UCU3oAyhHDXjgbxazqOEG2UA,http://www.youtube.com/channel/UCU3oAyhHDXjgbxazqOEG2UA,blameitonjorge
UCUNgHg8zQHvPPpaDMmKZ92g,http://www.youtube.com/channel/UCUNgHg8zQHvPPpaDMmKZ92g,Thi Thanh Dang
UCUQle3XlSuqAFBGugu_xWhg,http://www.youtube.com/channel/UCUQle3XlSuqAFBGugu_xWhg,Leon Faraday
UCUV47thXkNc4SbcTNpO1kVQ,http://www.youtube.com/channel/UCUV47thXkNc4SbcTNpO1kVQ,Dustin Poynter
UCUW49KGPezggFi0PGyDvcvg,http://www.youtube.com/channel/UCUW49KGPezggFi0PGyDvcvg,Zack Freedman
UCUmLRMERmJrmUtgnbFfknAg,http://www.youtube.com/channel/UCUmLRMERmJrmUtgnbFfknAg,randy
UCUu0FTX_IHMJQ2kk8NqGB3g,http://www.youtube.com/channel/UCUu0FTX_IHMJQ2kk8NqGB3g,Crafting With Kafei
UCUvkPEm38w6pq8w5QYgtPPw,http://www.youtube.com/channel/UCUvkPEm38w6pq8w5QYgtPPw,CyberFlow
UCUxIu91gGsK9Q0tTcQM8iNw,http://www.youtube.com/channel/UCUxIu91gGsK9Q0tTcQM8iNw,abe's projects
UCV8opWmB_MVdQE-Y_8yxauA,http://www.youtube.com/channel/UCV8opWmB_MVdQE-Y_8yxauA,Jonny
UCVQGtUcRjHTQLTTu-5s9_4Q,http://www.youtube.com/channel/UCVQGtUcRjHTQLTTu-5s9_4Q,Brew
UCVStgC9M6Nq_LDm5aKqD1wQ,http://www.youtube.com/channel/UCVStgC9M6Nq_LDm5aKqD1wQ,Godpuu
UCVWhVAZwCdQsPZL-mDLcxPQ,http://www.youtube.com/channel/UCVWhVAZwCdQsPZL-mDLcxPQ,Whitelight
UCVYamHliCI9rw1tHR1xbkfw,http://www.youtube.com/channel/UCVYamHliCI9rw1tHR1xbkfw,Dave2D
UCVZwN6IQux_XqYgRbtqh5vw,http://www.youtube.com/channel/UCVZwN6IQux_XqYgRbtqh5vw,Connor01
UCVa_eUyKH2MjLk2ESJPddgw,http://www.youtube.com/channel/UCVa_eUyKH2MjLk2ESJPddgw,Kappa Danse
UCVdDUN69YsAXPxh2y71sMtQ,http://www.youtube.com/channel/UCVdDUN69YsAXPxh2y71sMtQ,I Finished A Video Game
UCVeOdA6hDpT_SZ4jhuDXAwA,http://www.youtube.com/channel/UCVeOdA6hDpT_SZ4jhuDXAwA,Joshua Barretto
UCVhEjiCLn2v4MEt3Q4T2iaA,http://www.youtube.com/channel/UCVhEjiCLn2v4MEt3Q4T2iaA,Dan Abramov
UCVpankR4HtoAVtYnFDUieYA,http://www.youtube.com/channel/UCVpankR4HtoAVtYnFDUieYA,Ze Frank
UCVzczL_Apt0uLFEKw7CWA3g,http://www.youtube.com/channel/UCVzczL_Apt0uLFEKw7CWA3g,VisionaryFX
UCWA8U9eyZ29m2D-6fXbE_Rg,http://www.youtube.com/channel/UCWA8U9eyZ29m2D-6fXbE_Rg,MCD Network
UCWFNUk2LHUQdRzQcJLYZmcg,http://www.youtube.com/channel/UCWFNUk2LHUQdRzQcJLYZmcg,Bringus Studios
UCWIfzAYHyNSyHmT2AO-54yg,http://www.youtube.com/channel/UCWIfzAYHyNSyHmT2AO-54yg,pwnisher
UCWQfbcMGyrPDlIU7wV7aAOQ,http://www.youtube.com/channel/UCWQfbcMGyrPDlIU7wV7aAOQ,Liam Triforce
UCWWITUlenIMftHF0IRsv7Jg,http://www.youtube.com/channel/UCWWITUlenIMftHF0IRsv7Jg,ALL_EYEZ_ON
UCWYRT-NhEqkZ_afrqEgxYOQ,http://www.youtube.com/channel/UCWYRT-NhEqkZ_afrqEgxYOQ,JimmyTheGiant
UCWZjWqQ1gt5dakhUuzRVZbA,http://www.youtube.com/channel/UCWZjWqQ1gt5dakhUuzRVZbA,Jeffiot
UCWoSKWs8h6lFdiEDAjuIfpA,http://www.youtube.com/channel/UCWoSKWs8h6lFdiEDAjuIfpA,Displaced Gamers
UCXAcZP7G9t8rCNh7uR71T7Q,http://www.youtube.com/channel/UCXAcZP7G9t8rCNh7uR71T7Q,FNG
UCXKCiTquPMavBqgXgrM9mBg,http://www.youtube.com/channel/UCXKCiTquPMavBqgXgrM9mBg,Bobby Fingers
UCXMqPVLCji2ml9UJZtmn82Q,http://www.youtube.com/channel/UCXMqPVLCji2ml9UJZtmn82Q,MrKennedy | 3D Printing
UCXP00VVxFc-mFc0e0scW1Ag,http://www.youtube.com/channel/UCXP00VVxFc-mFc0e0scW1Ag,Backhaul Studios
UCXQ0Ofu0RXnk4f7-NqxUL2A,http://www.youtube.com/channel/UCXQ0Ofu0RXnk4f7-NqxUL2A,Almost Something Retro Gaming
UCXQO9EaJHgLZuBjXSTR-gvw,http://www.youtube.com/channel/UCXQO9EaJHgLZuBjXSTR-gvw,BigRig Creates
UCXR5PCyUI2pG_a3ydnCIS-g,http://www.youtube.com/channel/UCXR5PCyUI2pG_a3ydnCIS-g,NesHacker
UCXRcs5H7Om8YbaNbaM5iOdg,http://www.youtube.com/channel/UCXRcs5H7Om8YbaNbaM5iOdg,WildRoseBuilds
UCXUPDybKG7nqIxEeKS8fi5w,http://www.youtube.com/channel/UCXUPDybKG7nqIxEeKS8fi5w,Darkfry
UCXguhzOm29mBTYDuxKjxn5A,http://www.youtube.com/channel/UCXguhzOm29mBTYDuxKjxn5A,CBaileyFilm
UCXnNibvR_YIdyPs8PZIBoEw,http://www.youtube.com/channel/UCXnNibvR_YIdyPs8PZIBoEw,Cathode Ray Dude - CRD
UCXuqSBlHAE6Xw-yeJA0Tunw,http://www.youtube.com/channel/UCXuqSBlHAE6Xw-yeJA0Tunw,Linus Tech Tips
UCXzf2Z0RdbPy0tug7kIyszQ,http://www.youtube.com/channel/UCXzf2Z0RdbPy0tug7kIyszQ,Jason Graves
UCY3KFjwFe1DyZYxhwHbm7Ew,http://www.youtube.com/channel/UCY3KFjwFe1DyZYxhwHbm7Ew,Dylan Bennett (MBoffin)
UCY5xhpH29hcQudilieKD63Q,http://www.youtube.com/channel/UCY5xhpH29hcQudilieKD63Q,TripleJump
UCYGDiVemmhY_Q1M-hKp4fvw,http://www.youtube.com/channel/UCYGDiVemmhY_Q1M-hKp4fvw,big boss
UCYJdpnjuSWVOLgGT9fIzL0g,http://www.youtube.com/channel/UCYJdpnjuSWVOLgGT9fIzL0g,Jelle's Marble Runs
UCYLHbk94s4Jx_RGNvdQNy-g,http://www.youtube.com/channel/UCYLHbk94s4Jx_RGNvdQNy-g,RyanImelDM
UCYMbbNRzlXOhQHBB6EoudZg,http://www.youtube.com/channel/UCYMbbNRzlXOhQHBB6EoudZg,Joon The King
UCYMroqpmB5oV638WG4Nbo-g,http://www.youtube.com/channel/UCYMroqpmB5oV638WG4Nbo-g,Smashed Bros.
UCYPAfSAa68ZQWmJOufBkotQ,http://www.youtube.com/channel/UCYPAfSAa68ZQWmJOufBkotQ,Garter
UCYbK_tjZ2OrIZFBvU6CCMiA,http://www.youtube.com/channel/UCYbK_tjZ2OrIZFBvU6CCMiA,Brackeys
UCYcDU1SjnjARI43ouroy8Xw,http://www.youtube.com/channel/UCYcDU1SjnjARI43ouroy8Xw,Robin Styler
UCYpSqQvrlGw4UTVFfMpGzjw,http://www.youtube.com/channel/UCYpSqQvrlGw4UTVFfMpGzjw,engineericly
UCYwVxWpjeKFWwu8TML-Te9A,http://www.youtube.com/channel/UCYwVxWpjeKFWwu8TML-Te9A,JCS - Criminal Psychology
UCZ1X8Zn6xguOSpx_HoJ-5cA,http://www.youtube.com/channel/UCZ1X8Zn6xguOSpx_HoJ-5cA,Tehsnakerer
UCZ4AMrDcNrfy3X6nsU8-rPg,http://www.youtube.com/channel/UCZ4AMrDcNrfy3X6nsU8-rPg,Economics Explained
UCZ5JH5f8ODllQjrzgqdT5Dg,http://www.youtube.com/channel/UCZ5JH5f8ODllQjrzgqdT5Dg,Sega Lord X
UCZ96l-mjNudXYC3ux_c02ZA,http://www.youtube.com/channel/UCZ96l-mjNudXYC3ux_c02ZA,Ogles
UCZBI0QMvTK6n9AQGcanhPhg,http://www.youtube.com/channel/UCZBI0QMvTK6n9AQGcanhPhg,Flawless Cleaning Services
UCZBdaKw97n3P9qWeP6rs_7g,http://www.youtube.com/channel/UCZBdaKw97n3P9qWeP6rs_7g,planet clue
UCZFUrFoqvqlN8seaAeEwjlw,http://www.youtube.com/channel/UCZFUrFoqvqlN8seaAeEwjlw,Grant Abbitt (Gabbitt)
UCZJWCIMkEUaR1OjQvnqq60Q,http://www.youtube.com/channel/UCZJWCIMkEUaR1OjQvnqq60Q,Cartesian Caramel
UCZM7a7kpied3fwdeODhgd2A,http://www.youtube.com/channel/UCZM7a7kpied3fwdeODhgd2A,Mike's Quest Log
UCZPO7tcxbU0xGfoAJWqE_ng,http://www.youtube.com/channel/UCZPO7tcxbU0xGfoAJWqE_ng,OtherRuns
UCZ_cuJGBis0vi6U3bWmvDIg,http://www.youtube.com/channel/UCZ_cuJGBis0vi6U3bWmvDIg,FaceDev
UCZbVcEKBIblBoIvvCSjaHzg,http://www.youtube.com/channel/UCZbVcEKBIblBoIvvCSjaHzg,Casey Lowery
UCZbWCodPFwH2QQn772QnUxQ,http://www.youtube.com/channel/UCZbWCodPFwH2QQn772QnUxQ,Fire Department Chronicles
UCZi_AW_a8R2155aTqT1xwZQ,http://www.youtube.com/channel/UCZi_AW_a8R2155aTqT1xwZQ,tastystonecarvings
UC_ID-A3YnSQXCwyIcCs9QFw,http://www.youtube.com/channel/UC_ID-A3YnSQXCwyIcCs9QFw,ailaughatmyownjokes
UC_OttpBEWWzSUlZbk5qmhSA,http://www.youtube.com/channel/UC_OttpBEWWzSUlZbk5qmhSA,Mia Mulder
UC_XjCuVVosXYJHzJO-yJE1g,http://www.youtube.com/channel/UC_XjCuVVosXYJHzJO-yJE1g,Julio Sillet - 3DArt
UC_gWEXXPOAY2M2gw0P1twSw,http://www.youtube.com/channel/UC_gWEXXPOAY2M2gw0P1twSw,Charjie
UC_pIxrVI5ZOSM3cpVQvECFw,http://www.youtube.com/channel/UC_pIxrVI5ZOSM3cpVQvECFw,The Obsessive Gamer
UC_v-Rg-FYBUfkF4GLcMDEcg,http://www.youtube.com/channel/UC_v-Rg-FYBUfkF4GLcMDEcg,William Landgren
UCa4VfDx98uJT5Tn6Vyc0U1A,http://www.youtube.com/channel/UCa4VfDx98uJT5Tn6Vyc0U1A,Eric's Hobby Workshop
UCa8W2_uf81Ew6gYuw0VPSeA,http://www.youtube.com/channel/UCa8W2_uf81Ew6gYuw0VPSeA,Juxtopposed
UCaKjtSZXjFLX-vynS5pRuYQ,http://www.youtube.com/channel/UCaKjtSZXjFLX-vynS5pRuYQ,tuv
UCaTSjmqzOO-P8HmtVW3t7sA,http://www.youtube.com/channel/UCaTSjmqzOO-P8HmtVW3t7sA,Todd in the Shadows
UCaYQ01nWHnJ7OKGB9lnHS-A,http://www.youtube.com/channel/UCaYQ01nWHnJ7OKGB9lnHS-A,Factorian Designs
UCa_whcQiaeIYC7-M9-zEg8g,http://www.youtube.com/channel/UCa_whcQiaeIYC7-M9-zEg8g,passivestar
UCaaKcUUrlKx1iLbLOASgzsQ,http://www.youtube.com/channel/UCaaKcUUrlKx1iLbLOASgzsQ,Creativity Buzz
UCaqi3SRvGTlPptx0ns90UOA,http://www.youtube.com/channel/UCaqi3SRvGTlPptx0ns90UOA,Rabbert
UCasG9kJWi1eVxM0QkyqKVJQ,http://www.youtube.com/channel/UCasG9kJWi1eVxM0QkyqKVJQ,Hand Tool Rescue
UCauNCpc-Ln81BOEUMgTEO5A,http://www.youtube.com/channel/UCauNCpc-Ln81BOEUMgTEO5A,MonsterKook
UCb0MyY46T9ZYOzDHkYnIoXg,http://www.youtube.com/channel/UCb0MyY46T9ZYOzDHkYnIoXg,Plainly Difficult
UCbBNu7qt9Je5eeyocPUYuQw,http://www.youtube.com/channel/UCbBNu7qt9Je5eeyocPUYuQw,Freaky 3D
UCbMjF_cWciuBUZjILNL1fyA,http://www.youtube.com/channel/UCbMjF_cWciuBUZjILNL1fyA,Nerdy Teachers
UCbODs2qqHISelcvKZybRMKg,http://www.youtube.com/channel/UCbODs2qqHISelcvKZybRMKg,Sam Bowman
UCbQg6KEGZjP4XhjK__t0FFA,http://www.youtube.com/channel/UCbQg6KEGZjP4XhjK__t0FFA,Crossing Crafts
UCbWcXB0PoqOsAvAdfzWMf0w,http://www.youtube.com/channel/UCbWcXB0PoqOsAvAdfzWMf0w,Fredrik Knudsen
UCbgBDBrwsikmtoLqtpc59Bw,http://www.youtube.com/channel/UCbgBDBrwsikmtoLqtpc59Bw,Teaching Tech
UCbmxZRQk-X0p-TOxd6PEYJA,http://www.youtube.com/channel/UCbmxZRQk-X0p-TOxd6PEYJA,IanHubert
UCbp6aXwwr4UXwGqPLZ2nTUg,http://www.youtube.com/channel/UCbp6aXwwr4UXwGqPLZ2nTUg,3DJake
UCbsfyGlrjrKQC0gbzK0-EiA,http://www.youtube.com/channel/UCbsfyGlrjrKQC0gbzK0-EiA,Jared Owen
UCbtEd1MuY6gd2RpdWqkzXFw,http://www.youtube.com/channel/UCbtEd1MuY6gd2RpdWqkzXFw,Morley Kert
UCbw5AHyRBNUFzTHCVuO5q9w,http://www.youtube.com/channel/UCbw5AHyRBNUFzTHCVuO5q9w,Lorenzo 'kelset' Sciandra
UCbxQcz9k0NRRuy0ukgQTDQQ,http://www.youtube.com/channel/UCbxQcz9k0NRRuy0ukgQTDQQ,AustinMcConnell
UCbzxuYS-njJcGKM1yHJfoVQ,http://www.youtube.com/channel/UCbzxuYS-njJcGKM1yHJfoVQ,Affilimate
UCcCYTCDxsMl84_btikjY40Q,http://www.youtube.com/channel/UCcCYTCDxsMl84_btikjY40Q,Work From Hype
UCcF_kP0RMUjTsUYbuC4oCiQ,http://www.youtube.com/channel/UCcF_kP0RMUjTsUYbuC4oCiQ,Once in a Six Side
UCcHBw_Rs56RFcisYAOlFfmQ,http://www.youtube.com/channel/UCcHBw_Rs56RFcisYAOlFfmQ,Billiam
UCcIe-_Hqzb3mAZyKEy1amDw,http://www.youtube.com/channel/UCcIe-_Hqzb3mAZyKEy1amDw,A+Start
UCcMDMoNu66_1Hwi5-MeiQgw,http://www.youtube.com/channel/UCcMDMoNu66_1Hwi5-MeiQgw,Hydraulic Press Channel
UCcNMsqkkSI60UL1QqjArLhw,http://www.youtube.com/channel/UCcNMsqkkSI60UL1QqjArLhw,Carlito
UCcUf33cEPky2GiWBgOP-jQA,http://www.youtube.com/channel/UCcUf33cEPky2GiWBgOP-jQA,Coffeehouse Crime
UCcWlAZgbckzaKHFxChA8p9g,http://www.youtube.com/channel/UCcWlAZgbckzaKHFxChA8p9g,Sepi
UCcicEeaznk6-mhwny6vuMeQ,http://www.youtube.com/channel/UCcicEeaznk6-mhwny6vuMeQ,Old Things Never Die
UCcvfHa-GHSOHFAjU0-Ie57A,http://www.youtube.com/channel/UCcvfHa-GHSOHFAjU0-Ie57A,Adam Something
UCczAxLCL79gHXKYaEc9k-ZQ,http://www.youtube.com/channel/UCczAxLCL79gHXKYaEc9k-ZQ,IMPERIAL
UCd15dSPPT-EhTXekA7_UNAQ,http://www.youtube.com/channel/UCd15dSPPT-EhTXekA7_UNAQ,JackSucksAtGeography
UCd1gYKuDp3g4jt14pRu0KYQ,http://www.youtube.com/channel/UCd1gYKuDp3g4jt14pRu0KYQ,St1ka
UCd4FmcWIVdWAy0-Q8OJBloQ,http://www.youtube.com/channel/UCd4FmcWIVdWAy0-Q8OJBloQ,사나고 Sanago
UCdEz1N-xB-mYNpeU5ZKbGLw,http://www.youtube.com/channel/UCdEz1N-xB-mYNpeU5ZKbGLw,Dikko
UCdIQW5tfpES5Ll0kTMibDIA,http://www.youtube.com/channel/UCdIQW5tfpES5Ll0kTMibDIA,Lextorias
UCdNDynXlRG4HWDdftNKLS3A,http://www.youtube.com/channel/UCdNDynXlRG4HWDdftNKLS3A,Yellow Maker
UCdT68dsulMFouI2InvXWM5w,http://www.youtube.com/channel/UCdT68dsulMFouI2InvXWM5w,Lazy Devs
UCdXUwmzmhitTRqtPLazyetg,http://www.youtube.com/channel/UCdXUwmzmhitTRqtPLazyetg,Goodgis
UCdZP_6QvuYiHi4yLufgZUNg,http://www.youtube.com/channel/UCdZP_6QvuYiHi4yLufgZUNg,PLACITECH
UCddYvBABZ8J47nJxj-69RRw,http://www.youtube.com/channel/UCddYvBABZ8J47nJxj-69RRw,Athletic Interest
UCdoPCztTOW7BJUPk2h5ttXA,http://www.youtube.com/channel/UCdoPCztTOW7BJUPk2h5ttXA,Call Me Kevin
UCdpWKLNfbROyoGPV46-zaUQ,http://www.youtube.com/channel/UCdpWKLNfbROyoGPV46-zaUQ,Default Cube
UCdsOz0TItjo4mTywTW1gH_A,http://www.youtube.com/channel/UCdsOz0TItjo4mTywTW1gH_A,Peter Rømer
UCdwmOGcALJhPxxSCi3PN-tQ,http://www.youtube.com/channel/UCdwmOGcALJhPxxSCi3PN-tQ,Juliestrator
UCdxTCCRnQgfi2vr2fZupYIQ,http://www.youtube.com/channel/UCdxTCCRnQgfi2vr2fZupYIQ,Carl Bugeja
UCdz891-nzVpniVR9oDCANZg,http://www.youtube.com/channel/UCdz891-nzVpniVR9oDCANZg,0ca0a
UCe1EwXYaa-tEXNca8HwDxBw,http://www.youtube.com/channel/UCe1EwXYaa-tEXNca8HwDxBw,ItsMeaDMaDe
UCe6EmNalhVPvt1nOL37jxEA,http://www.youtube.com/channel/UCe6EmNalhVPvt1nOL37jxEA,Nik Kottmann
UCeB2SugEDUZBlS_5PgniDRg,http://www.youtube.com/channel/UCeB2SugEDUZBlS_5PgniDRg,TotallyPointlessTV
UCeCFik7Bl4JeEKHveT1cR1A,http://www.youtube.com/channel/UCeCFik7Bl4JeEKHveT1cR1A,DYKG Clips
UCeHT-8JNjHz8p5U1vmrm8rg,http://www.youtube.com/channel/UCeHT-8JNjHz8p5U1vmrm8rg,slow start
UCeTfBygNb1TahcNpZyELO8g,http://www.youtube.com/channel/UCeTfBygNb1TahcNpZyELO8g,Jacob Geller
UCeogOLhewThX2lh8cPe2IWg,http://www.youtube.com/channel/UCeogOLhewThX2lh8cPe2IWg,Matt Storer
UCevvX0JTIDow7xz4_e3YYIg,http://www.youtube.com/channel/UCevvX0JTIDow7xz4_e3YYIg,Godotneers
UCf-U0uPVQZtcqXUWa_Hl4Mw,http://www.youtube.com/channel/UCf-U0uPVQZtcqXUWa_Hl4Mw,Into the Shadows
UCf3GDC-HtLKyr2NRgCzyzmw,http://www.youtube.com/channel/UCf3GDC-HtLKyr2NRgCzyzmw,Cool Again Restoration
UCfBLXTwLoUpDAkHcHizW3Jg,http://www.youtube.com/channel/UCfBLXTwLoUpDAkHcHizW3Jg,SNES drunk
UCfDx_ZcR1EvyCXYBIFRge3A,http://www.youtube.com/channel/UCfDx_ZcR1EvyCXYBIFRge3A,RNG Gamer
UCfEtJTmXkiVm5lqYtqNbO6w,http://www.youtube.com/channel/UCfEtJTmXkiVm5lqYtqNbO6w,Fortress Fine Woodworks
UCfNjj30JZcDJGsw3TMUnhMA,http://www.youtube.com/channel/UCfNjj30JZcDJGsw3TMUnhMA,Kyle Banks
UCf_suVrG2dA5BTjJhNLwthQ,http://www.youtube.com/channel/UCf_suVrG2dA5BTjJhNLwthQ,Odd Tinkering
UCfdNM3NAhaBOXCafH7krzrA,http://www.youtube.com/channel/UCfdNM3NAhaBOXCafH7krzrA,The Infographics Show
UCftDFlloWY4dNUzog5YE4Zg,http://www.youtube.com/channel/UCftDFlloWY4dNUzog5YE4Zg,Up Your Arsenal
UCftm4VNxngya7wjl_ZtLMPw,http://www.youtube.com/channel/UCftm4VNxngya7wjl_ZtLMPw,Pupsi
UCg4vDcovXPJTcTcYxQ9iCrw,http://www.youtube.com/channel/UCg4vDcovXPJTcTcYxQ9iCrw,wavywebsurf
UCgVQuiB8KDoNoEDRwreZ7jA,http://www.youtube.com/channel/UCgVQuiB8KDoNoEDRwreZ7jA,chillysu
UCgZ5-jX7KR_5JkvItw5aTgA,http://www.youtube.com/channel/UCgZ5-jX7KR_5JkvItw5aTgA,Mjolnir Stone: Games & Stuff
UCgdeMp2ZBnovi12THmLc47g,http://www.youtube.com/channel/UCgdeMp2ZBnovi12THmLc47g,Harry Wolff
UCggHsHce2n3vvbJf_8YKrMA,http://www.youtube.com/channel/UCggHsHce2n3vvbJf_8YKrMA,Nerdforge
UCh6aYyp3Bu0gScUd-dNNlsg,http://www.youtube.com/channel/UCh6aYyp3Bu0gScUd-dNNlsg,PolygonVerse
UChc-m3saf8K2oJHDSsnsj_A,http://www.youtube.com/channel/UChc-m3saf8K2oJHDSsnsj_A,Elvis The Alien
UChnN9MPURwKV2PbEoT2vhTQ,http://www.youtube.com/channel/UChnN9MPURwKV2PbEoT2vhTQ,randomfrankp
UChrCgXmIW1toX2B7viP6S7Q,http://www.youtube.com/channel/UChrCgXmIW1toX2B7viP6S7Q,Nikodem Bartnik
UChrYe70o7NmDioL02PRVWVg,http://www.youtube.com/channel/UChrYe70o7NmDioL02PRVWVg,MattKC
UChzhFNSV-OuHQiYpwDMImsw,http://www.youtube.com/channel/UChzhFNSV-OuHQiYpwDMImsw,Rescue & Restore
UCi33DX7KG3M3bI0ipjOP2Eg,http://www.youtube.com/channel/UCi33DX7KG3M3bI0ipjOP2Eg,Ben Foster - The Cycling GK
UCi6Bfm0OgJU6zXVYg_XBgtw,http://www.youtube.com/channel/UCi6Bfm0OgJU6zXVYg_XBgtw,Max Hay
UCi9SqUCnW_flgsrl6_PRJFQ,http://www.youtube.com/channel/UCi9SqUCnW_flgsrl6_PRJFQ,HITC Sevens
UCiP_FwGyJQ_6P8k5ON5mncQ,http://www.youtube.com/channel/UCiP_FwGyJQ_6P8k5ON5mncQ,Matt McMuscles
UCiZKLh-Nr_ETgTNfKvLvFVw,http://www.youtube.com/channel/UCiZKLh-Nr_ETgTNfKvLvFVw,knitcodemonkey
UCiczXOhGpvoQGhOL16EZiTg,http://www.youtube.com/channel/UCiczXOhGpvoQGhOL16EZiTg,CNC Kitchen
UCii9ezsUa_mBiSdw0PtSOaw,http://www.youtube.com/channel/UCii9ezsUa_mBiSdw0PtSOaw,Hoog
UCimiUgDLbi6P17BdaCZpVbg,http://www.youtube.com/channel/UCimiUgDLbi6P17BdaCZpVbg,exurb1a
UCiy-QcXrvu9hhe4arymNcfw,http://www.youtube.com/channel/UCiy-QcXrvu9hhe4arymNcfw,Steven Scott (OnlineRender)
UCj0HBBzM4aKVfIRlakseooA,http://www.youtube.com/channel/UCj0HBBzM4aKVfIRlakseooA,Joe Regrets
UCj1VqrHhDte54oLgPG4xpuQ,http://www.youtube.com/channel/UCj1VqrHhDte54oLgPG4xpuQ,Stuff Made Here
UCj6UOjxVMQQF5WA1F3KTwDQ,http://www.youtube.com/channel/UCj6UOjxVMQQF5WA1F3KTwDQ,ConnerTheWaffle
UCjFaPUcJU1vwk193mnW_w1w,http://www.youtube.com/channel/UCjFaPUcJU1vwk193mnW_w1w,Modern Vintage Gamer
UCjPe1_yPOKmrDpS4YEEJFrQ,http://www.youtube.com/channel/UCjPe1_yPOKmrDpS4YEEJFrQ,AntDude Plus
UCjPsvugkwOr9oOk8D7icstQ,http://www.youtube.com/channel/UCjPsvugkwOr9oOk8D7icstQ,Halestorm
UCjRkUtHQ774mTg1vrQ6uA5A,http://www.youtube.com/channel/UCjRkUtHQ774mTg1vrQ6uA5A,Boulder Creek Railroad
UCjU-rielI7RsX1hqsCQdfhw,http://www.youtube.com/channel/UCjU-rielI7RsX1hqsCQdfhw,Penusbmic
UCjdHbo8_vh3rxQ-875XGkvw,http://www.youtube.com/channel/UCjdHbo8_vh3rxQ-875XGkvw,3DSage
UCjdfjOU81IJz-rkFJBqlohw,http://www.youtube.com/channel/UCjdfjOU81IJz-rkFJBqlohw,Triton Print 3D
UCjewxGh1Gx5i5Uzxn0v-TPw,http://www.youtube.com/channel/UCjewxGh1Gx5i5Uzxn0v-TPw,The Punk Rock MBA
UCjyMpFBRZB9tcohfe0yiVSw,http://www.youtube.com/channel/UCjyMpFBRZB9tcohfe0yiVSw,InitMakes
UCk7IufzS4r8v76NeWR6A3dg,http://www.youtube.com/channel/UCk7IufzS4r8v76NeWR6A3dg,Derek Elliott
UCkCGANrihzExmu9QiqZpPlQ,http://www.youtube.com/channel/UCkCGANrihzExmu9QiqZpPlQ,How Money Works
UCkK9UDm_ZNrq_rIXCz3xCGA,http://www.youtube.com/channel/UCkK9UDm_ZNrq_rIXCz3xCGA,The Lunduke Journal
UCkY047vYjF92-8HcoVTXAOg,http://www.youtube.com/channel/UCkY047vYjF92-8HcoVTXAOg,Coding Secrets
UCkd2PkaOei8JC09q_F6LL2A,http://www.youtube.com/channel/UCkd2PkaOei8JC09q_F6LL2A,PSV Restoration
UCkdgAA0rfK7lG5dv4o__Paw,http://www.youtube.com/channel/UCkdgAA0rfK7lG5dv4o__Paw,Alberta Tech
UCknLrEdhRCp1aegoMqRaCZg,http://www.youtube.com/channel/UCknLrEdhRCp1aegoMqRaCZg,DW News
UCkpKS8M7MaZAFewtUz24K3A,http://www.youtube.com/channel/UCkpKS8M7MaZAFewtUz24K3A,Cybershell
UCksIuzzpbMTt6Rz0DTtMI1w,http://www.youtube.com/channel/UCksIuzzpbMTt6Rz0DTtMI1w,Sagan Hawkes
UCl1hEgRUluBzj4_TBePERUw,http://www.youtube.com/channel/UCl1hEgRUluBzj4_TBePERUw,MagicMush
UCl63I_cDR10zyepDu_Pe2sQ,http://www.youtube.com/channel/UCl63I_cDR10zyepDu_Pe2sQ,Elvis The Grey Alien
UClK2ZkC3gVjdONAsIDcSFUQ,http://www.youtube.com/channel/UClK2ZkC3gVjdONAsIDcSFUQ,Vizeh
UClN4WzXIXAbmxjnfZ7EOoeg,http://www.youtube.com/channel/UClN4WzXIXAbmxjnfZ7EOoeg,Not Terrible Restorations
UClQ8573TDgeGa173P6t4zTw,http://www.youtube.com/channel/UClQ8573TDgeGa173P6t4zTw,AntSnooze
UClS6E2qjk2DkxRCZ1xU0VXA,http://www.youtube.com/channel/UClS6E2qjk2DkxRCZ1xU0VXA,What's Ken Making
UCl_Pq-Qzv2Rxm3wGgYNvx5Q,http://www.youtube.com/channel/UCl_Pq-Qzv2Rxm3wGgYNvx5Q,Self Deficient
UCl_uGYJe9KW9fJWBMq1A9kw,http://www.youtube.com/channel/UCl_uGYJe9KW9fJWBMq1A9kw,Lost In Tech
UClprs057uPe_PRcDcahE9_g,http://www.youtube.com/channel/UClprs057uPe_PRcDcahE9_g,Chris Doel
UClrK0xzvmSk5NvT--_-bIuA,http://www.youtube.com/channel/UClrK0xzvmSk5NvT--_-bIuA,Rickie Ho
UCly-ZW4hcXU5MPLGpuQBFdA,http://www.youtube.com/channel/UCly-ZW4hcXU5MPLGpuQBFdA,Brick Machines
UCm5iBOcQ0GET_2FqFI61QDA,http://www.youtube.com/channel/UCm5iBOcQ0GET_2FqFI61QDA,Cara Nicole
UCm6GSA5OROHcIBNkXkH53zQ,http://www.youtube.com/channel/UCm6GSA5OROHcIBNkXkH53zQ,tomatoanus
UCmGSJVG3mCRXVOP4yZrU1Dw,http://www.youtube.com/channel/UCmGSJVG3mCRXVOP4yZrU1Dw,Johnny Harris
UCmLU_mowmblp9hB4K9ZfOrQ,http://www.youtube.com/channel/UCmLU_mowmblp9hB4K9ZfOrQ,Llennox
UCmPJb3ic5InQDxgh92C_98w,http://www.youtube.com/channel/UCmPJb3ic5InQDxgh92C_98w,stache
UCmTyME4wAV9g1peGjU3Le7Q,http://www.youtube.com/channel/UCmTyME4wAV9g1peGjU3Le7Q,Maxquaza
UCmWJOO5o93s_9ZIBt92Ooaw,http://www.youtube.com/channel/UCmWJOO5o93s_9ZIBt92Ooaw,Thabeast721
UCmZvHI3-yyAEc_vTIl28LEg,http://www.youtube.com/channel/UCmZvHI3-yyAEc_vTIl28LEg,Virtual Gaming Library - VGL
UCmbj39ujUuNw9-oNu_dEciw,http://www.youtube.com/channel/UCmbj39ujUuNw9-oNu_dEciw,makerverse
UCmd0Jb6TbFKEx1Of0yQu9fw,http://www.youtube.com/channel/UCmd0Jb6TbFKEx1Of0yQu9fw,hi im jt.
UCmdf9ecVa-UZgW9bpfSJMjg,http://www.youtube.com/channel/UCmdf9ecVa-UZgW9bpfSJMjg,MitchShow
UCmm3qhYkdW699stV_28TQpw,http://www.youtube.com/channel/UCmm3qhYkdW699stV_28TQpw,Scott's Stash
UCmr_2dlYM0pYHdI9TeF5SIQ,http://www.youtube.com/channel/UCmr_2dlYM0pYHdI9TeF5SIQ,Rudy Ayoub
UCmtyQOKKmrMVaKuRXz02jbQ,http://www.youtube.com/channel/UCmtyQOKKmrMVaKuRXz02jbQ,Sebastian Lague
UCnEXVvo2uWTgIIeHHG-fAZQ,http://www.youtube.com/channel/UCnEXVvo2uWTgIIeHHG-fAZQ,Spektator
UCnEd9PbzAKmRnDYyi0CDEmw,http://www.youtube.com/channel/UCnEd9PbzAKmRnDYyi0CDEmw,Sean Seanson
UCnLBpuFZwsZkFZCbSzvb9ZQ,http://www.youtube.com/channel/UCnLBpuFZwsZkFZCbSzvb9ZQ,That Video Games Show
UCnSjdeGkp-da_F3c7cgjwuA,http://www.youtube.com/channel/UCnSjdeGkp-da_F3c7cgjwuA,Flophouse Plays
UCnXROzljB3xBuO-jHkGPUbw,http://www.youtube.com/channel/UCnXROzljB3xBuO-jHkGPUbw,Sidney Morss
UCnbvPS_rXp4PC21PG2k1UVg,http://www.youtube.com/channel/UCnbvPS_rXp4PC21PG2k1UVg,Gaming Historian
UCniXurp_3xcDh923eiqGX3w,http://www.youtube.com/channel/UCniXurp_3xcDh923eiqGX3w,Rowan Ellis
UCniuIWutmS2ayuQKsXT51Kw,http://www.youtube.com/channel/UCniuIWutmS2ayuQKsXT51Kw,VideoGameBear
UCnueMliL7Ooj-mPSa9DiRXw,http://www.youtube.com/channel/UCnueMliL7Ooj-mPSa9DiRXw,Sharopolis
UCo0Ek8Te0osbhI0WnhF3QzA,http://www.youtube.com/channel/UCo0Ek8Te0osbhI0WnhF3QzA,omozoc
UCo5Sx6s-xi7ustoubr3Dovw,http://www.youtube.com/channel/UCo5Sx6s-xi7ustoubr3Dovw,RetroBreeze
UCo8186mZYAY49flt6HkbqlQ,http://www.youtube.com/channel/UCo8186mZYAY49flt6HkbqlQ,Leon Massey
UCo9cup2dysSbYga30g_yzvQ,http://www.youtube.com/channel/UCo9cup2dysSbYga30g_yzvQ,GameCube Galaxy
UCoC-Oh2r_sDWIQiADnMWChg,http://www.youtube.com/channel/UCoC-Oh2r_sDWIQiADnMWChg,Kroopniock
UCoFpRCAsKfWAshvLE1bYzdw,http://www.youtube.com/channel/UCoFpRCAsKfWAshvLE1bYzdw,Rerez
UCoGRABtFGU7ng79NqF0KuIQ,http://www.youtube.com/channel/UCoGRABtFGU7ng79NqF0KuIQ,stdout the rapper
UCoLrU391LvGXWTu0uluOKVQ,http://www.youtube.com/channel/UCoLrU391LvGXWTu0uluOKVQ,Yorakeys
UCoOjH8D2XAgjzQlneM2W0EQ,http://www.youtube.com/channel/UCoOjH8D2XAgjzQlneM2W0EQ,Jake Tran
UCoZQiN0o7f36H7PaW4fVhFw,http://www.youtube.com/channel/UCoZQiN0o7f36H7PaW4fVhFw,Retro Game Corps
UCojEXrCBzO-cP2N5YlRcrWw,http://www.youtube.com/channel/UCojEXrCBzO-cP2N5YlRcrWw,Daniel Krafft
UCoqySRnuDxl2y0pFiNumTdQ,http://www.youtube.com/channel/UCoqySRnuDxl2y0pFiNumTdQ,Carter Grabowski
UCozKnxtgtSifBKDO4j_czOA,http://www.youtube.com/channel/UCozKnxtgtSifBKDO4j_czOA,Ken Wheeler
UCp-XZhyQLcJ8X65eT1T3XyQ,http://www.youtube.com/channel/UCp-XZhyQLcJ8X65eT1T3XyQ,AntDude
UCp1e34nrTQqVXkNU5ekH9CQ,http://www.youtube.com/channel/UCp1e34nrTQqVXkNU5ekH9CQ,Smart Poly
UCp1tsmksyf6TgKFMdt8-05Q,http://www.youtube.com/channel/UCp1tsmksyf6TgKFMdt8-05Q,The Casual Criminalist
UCp8tGDdroiepbkGmIEUR7_g,http://www.youtube.com/channel/UCp8tGDdroiepbkGmIEUR7_g,Rocket Sloth
UCp8top1sIsvcBeTFzWR-VOA,http://www.youtube.com/channel/UCp8top1sIsvcBeTFzWR-VOA,Sub-Radio
UCpDmn2FfVYdPIDwRTcf5-OA,http://www.youtube.com/channel/UCpDmn2FfVYdPIDwRTcf5-OA,iilluminaughtii
UCpFFItkfZz1qz5PpHpqzYBw,http://www.youtube.com/channel/UCpFFItkfZz1qz5PpHpqzYBw,Nexpo
UCpXdwduorCz7ZOYCL_1VLTg,http://www.youtube.com/channel/UCpXdwduorCz7ZOYCL_1VLTg,Jordan's Retro Game Adventure
UCpa-Zb0ZcQjTCPP1Dx_1M8Q,http://www.youtube.com/channel/UCpa-Zb0ZcQjTCPP1Dx_1M8Q,LegalEagle
UCpbmvLZOGd_CCuO5TseoocQ,http://www.youtube.com/channel/UCpbmvLZOGd_CCuO5TseoocQ,Bits & Beats
UCphlppLaedKn0BgXAszs5dQ,http://www.youtube.com/channel/UCphlppLaedKn0BgXAszs5dQ,Ryan Hollinger
UCpkmLZ83NKt6FTN4kKUgdyg,http://www.youtube.com/channel/UCpkmLZ83NKt6FTN4kKUgdyg,yakkocmn
UCq0EGvLTyy-LLT1oUSO_0FQ,http://www.youtube.com/channel/UCq0EGvLTyy-LLT1oUSO_0FQ,Eddie Woo
UCqP87_tOqZczGdExeEz0prg,http://www.youtube.com/channel/UCqP87_tOqZczGdExeEz0prg,Eric Parker
UCqVEHtQoXHmUCfJ-9smpTSg,http://www.youtube.com/channel/UCqVEHtQoXHmUCfJ-9smpTSg,Answer in Progress
UCqek-BNp_65jxX-zCYBoiWA,http://www.youtube.com/channel/UCqek-BNp_65jxX-zCYBoiWA,wye
UCqfMW0tMZEciSXQym8x0EoQ,http://www.youtube.com/channel/UCqfMW0tMZEciSXQym8x0EoQ,Proper Printing
UCqmugCqELzhIMNYnsjScXXw,http://www.youtube.com/channel/UCqmugCqELzhIMNYnsjScXXw,Vsauce2
UCqnrCi6DlOrkF9DPbjoIcAw,http://www.youtube.com/channel/UCqnrCi6DlOrkF9DPbjoIcAw,Dantavius
UCqqts6Vv5OhMs-2a2pLo4zQ,http://www.youtube.com/channel/UCqqts6Vv5OhMs-2a2pLo4zQ,Nico Delage
UCqw_XluFa5IUWPl8fy3JH3Q,http://www.youtube.com/channel/UCqw_XluFa5IUWPl8fy3JH3Q,Smeaf
UCr-5TdGkKszdbboXXsFZJTQ,http://www.youtube.com/channel/UCr-5TdGkKszdbboXXsFZJTQ,Gamefromscratch
UCr613nJgA50o8DUUT00qHvw,http://www.youtube.com/channel/UCr613nJgA50o8DUUT00qHvw,WULFF DEN
UCrDAt04Uan9eAiu0E9RtT4A,http://www.youtube.com/channel/UCrDAt04Uan9eAiu0E9RtT4A,Calvin & Habs
UCrEiUx9uYw-BNJT_9T4w5vw,http://www.youtube.com/channel/UCrEiUx9uYw-BNJT_9T4w5vw,RedditStoriesMW
UCrFaMm4_BsONkem5pEn77Eg,http://www.youtube.com/channel/UCrFaMm4_BsONkem5pEn77Eg,Make Wonderful Things
UCrFxO_-JoAvatz_m0wqc--g,http://www.youtube.com/channel/UCrFxO_-JoAvatz_m0wqc--g,Wind Waker: Unflooded
UCrHsADrzxowsU7YApzX8s-w,http://www.youtube.com/channel/UCrHsADrzxowsU7YApzX8s-w,Marc3DP
UCrMBj7sGZzchChh1dDpsJgg,http://www.youtube.com/channel/UCrMBj7sGZzchChh1dDpsJgg,Rabona TV
UCrPo355L21BsXuNo_6Fqy2w,http://www.youtube.com/channel/UCrPo355L21BsXuNo_6Fqy2w,PhantomBane
UCrjAd1Qw2w8EsweqyT74WGg,http://www.youtube.com/channel/UCrjAd1Qw2w8EsweqyT74WGg,sorbino
UCrqaOPLC4_LTWCdJIvXvWTg,http://www.youtube.com/channel/UCrqaOPLC4_LTWCdJIvXvWTg,Hungry Goriya
UCrrN1mAH_BPErDq8i62vX3g,http://www.youtube.com/channel/UCrrN1mAH_BPErDq8i62vX3g,Jordi Elias - A PLACE TO GO
UCrzKp7Z7PuuuAPXfQnDTdpQ,http://www.youtube.com/channel/UCrzKp7Z7PuuuAPXfQnDTdpQ,Barney Codes
UCrzizGkW-Dgv9sN9vVHAN4Q,http://www.youtube.com/channel/UCrzizGkW-Dgv9sN9vVHAN4Q,Alayna Joy
UCs3xOOfZjz53j6_5Xl6kbuw,http://www.youtube.com/channel/UCs3xOOfZjz53j6_5Xl6kbuw,SourceSpy91
UCs554J77BGwTJEqgjOsn8xg,http://www.youtube.com/channel/UCs554J77BGwTJEqgjOsn8xg,Hey Peter
UCs8mbJ-M142ZskR5VR0gBig,http://www.youtube.com/channel/UCs8mbJ-M142ZskR5VR0gBig,YUGOPNIK
UCsCCifMby57qV_UmrYGladQ,http://www.youtube.com/channel/UCsCCifMby57qV_UmrYGladQ,Awesome Restorations
UCsFrt8oKNYXGspSlX9u6uXw,http://www.youtube.com/channel/UCsFrt8oKNYXGspSlX9u6uXw,React Conferences by GitNation
UCsP7Bpw36J666Fct5M8u-ZA,http://www.youtube.com/channel/UCsP7Bpw36J666Fct5M8u-ZA,How To Cook That
UCsUalyRg43M8D60mtHe6YcA,http://www.youtube.com/channel/UCsUalyRg43M8D60mtHe6YcA,CultRepo 
UCsfVJ4ROeQf6IvJ5_POEnkA,http://www.youtube.com/channel/UCsfVJ4ROeQf6IvJ5_POEnkA,The You Rock Foundation
UCsn9MzwyPKeCE6MEGtMU4gg,http://www.youtube.com/channel/UCsn9MzwyPKeCE6MEGtMU4gg,MortMort
UCsnKS1fVNJ1yjCkGOXXDd4A,http://www.youtube.com/channel/UCsnKS1fVNJ1yjCkGOXXDd4A,Frankly Built
UCsrgz8P3BW9_pmQxj1Yjhhw,http://www.youtube.com/channel/UCsrgz8P3BW9_pmQxj1Yjhhw,Resident Eccentric
UCssZn2-0cZA0rfabgCrPj1g,http://www.youtube.com/channel/UCssZn2-0cZA0rfabgCrPj1g,The Game Stan
UCsuex3xS_UrEKqweowEbd_w,http://www.youtube.com/channel/UCsuex3xS_UrEKqweowEbd_w,Josh Makeshift
UCsvn_Po0SmunchJYOWpOxMg,http://www.youtube.com/channel/UCsvn_Po0SmunchJYOWpOxMg,videogamedunkey
UCt-HTfaCUz8QIoknqyXKYiw,http://www.youtube.com/channel/UCt-HTfaCUz8QIoknqyXKYiw,Wirtual
UCtBW4jG8rO4bQTC6nLIKh2w,http://www.youtube.com/channel/UCtBW4jG8rO4bQTC6nLIKh2w,Campervan Companions
UCtEb9vqs8F3qk1lhY8GM-Hw,http://www.youtube.com/channel/UCtEb9vqs8F3qk1lhY8GM-Hw,YourFavoriteSon
UCtFSeQTTjc9w_t9EycG4gPA,http://www.youtube.com/channel/UCtFSeQTTjc9w_t9EycG4gPA,Art Arena
UCtGoikgbxP4F3rgI9PldI9g,http://www.youtube.com/channel/UCtGoikgbxP4F3rgI9PldI9g,Super Eyepatch Wolf
UCtHaxi4GTYDpJgMSGy7AeSw,http://www.youtube.com/channel/UCtHaxi4GTYDpJgMSGy7AeSw,Michael Reeves
UCtHiHV-iXw5YsXmeEQJ4SvA,http://www.youtube.com/channel/UCtHiHV-iXw5YsXmeEQJ4SvA,Toast
UCtM04_javFi_9SY_j31yN2A,http://www.youtube.com/channel/UCtM04_javFi_9SY_j31yN2A,DustinEden
UCtUId5WFnN82GdDy7DgaQ7w,http://www.youtube.com/channel/UCtUId5WFnN82GdDy7DgaQ7w,Better Ideas
UCtUbO6rBht0daVIOGML3c8w,http://www.youtube.com/channel/UCtUbO6rBht0daVIOGML3c8w,Summoning Salt
UCtYKe7-XbaDjpUwcU5x0bLg,http://www.youtube.com/channel/UCtYKe7-XbaDjpUwcU5x0bLg,neo
UCto7D1L-MiRoOziCXK9uT5Q,http://www.youtube.com/channel/UCto7D1L-MiRoOziCXK9uT5Q,Let's Game It Out
UCtt_NEKZ4MoH4O7BT3SbXTA,http://www.youtube.com/channel/UCtt_NEKZ4MoH4O7BT3SbXTA,strafefox
UCtyniOXWceuzrykfKvRY3vg,http://www.youtube.com/channel/UCtyniOXWceuzrykfKvRY3vg,DevFrog
UCu-NRUdNtfcjdGA5Abt3JUw,http://www.youtube.com/channel/UCu-NRUdNtfcjdGA5Abt3JUw,Mr. Sujano
UCu7Aozx4fcmW7B9SFRqBy3g,http://www.youtube.com/channel/UCu7Aozx4fcmW7B9SFRqBy3g,Eclipse Team
UCuCkxoKLYO_EQ2GeFtbM_bw,http://www.youtube.com/channel/UCuCkxoKLYO_EQ2GeFtbM_bw,Half as Interesting
UCuNhGhbemBkdflZ1FGJ0lUQ,http://www.youtube.com/channel/UCuNhGhbemBkdflZ1FGJ0lUQ,Ducky 3D
UCuXCgyOCMXic7j0_wghXnRA,http://www.youtube.com/channel/UCuXCgyOCMXic7j0_wghXnRA,Mitsi Studio
UCujG7dnHqZyZwOpFm0JDaCg,http://www.youtube.com/channel/UCujG7dnHqZyZwOpFm0JDaCg,Jimmy Hapa
UCupQd0e1leK4-Mj1wSfnkoQ,http://www.youtube.com/channel/UCupQd0e1leK4-Mj1wSfnkoQ,al jokes
UCuvSqzfO_LV_QzHdmEj84SQ,http://www.youtube.com/channel/UCuvSqzfO_LV_QzHdmEj84SQ,Kaze Emanuar
UCuwjhSZ1dUKIOO8ZnqYrP1g,http://www.youtube.com/channel/UCuwjhSZ1dUKIOO8ZnqYrP1g,The 3D Printing Zone
UCv0oC7Fqo-nctbrCDX80LiA,http://www.youtube.com/channel/UCv0oC7Fqo-nctbrCDX80LiA,Kong
UCv1DvRY5PyHHt3KN9ghunuw,http://www.youtube.com/channel/UCv1DvRY5PyHHt3KN9ghunuw,Masahiro Sakurai on Creating Games
UCv8CIzq_e81fp3ebS0z0C_A,http://www.youtube.com/channel/UCv8CIzq_e81fp3ebS0z0C_A,Kyoobix
UCvJS1ATO9dcQ0r2u0KJ0PPg,http://www.youtube.com/channel/UCvJS1ATO9dcQ0r2u0KJ0PPg,ThaRixer
UCvJcTRi4_bYwc0OQLiKbkEQ,http://www.youtube.com/channel/UCvJcTRi4_bYwc0OQLiKbkEQ,Shen
UCvK4bOhULCpmLabd2pDMtnA,http://www.youtube.com/channel/UCvK4bOhULCpmLabd2pDMtnA,Yes Theory
UCvQ4C0f9_OWRf1uyobwqOwA,http://www.youtube.com/channel/UCvQ4C0f9_OWRf1uyobwqOwA,BlueJay
UCvcEBQ0K3UsQ8bzWKHKQmbw,http://www.youtube.com/channel/UCvcEBQ0K3UsQ8bzWKHKQmbw,struthless
UCvigl2g67gl18hJgFex-3zg,http://www.youtube.com/channel/UCvigl2g67gl18hJgFex-3zg,Bad Normals
UCvjgXvBlbQiydffZU7m1_aw,http://www.youtube.com/channel/UCvjgXvBlbQiydffZU7m1_aw,The Coding Train
UCvnu7BYyJoCPs1tHTNpNNLA,http://www.youtube.com/channel/UCvnu7BYyJoCPs1tHTNpNNLA,The New Retro Show
UCvw6Y1kr_8bp6B5m1dqNyiw,http://www.youtube.com/channel/UCvw6Y1kr_8bp6B5m1dqNyiw,Claire Saffitz x Dessert Person
UCvz84_Q0BbvZThy75mbd-Dg,http://www.youtube.com/channel/UCvz84_Q0BbvZThy75mbd-Dg,Zack D. Films
UCwOD5qE4hA95aaJnOn-cSIA,http://www.youtube.com/channel/UCwOD5qE4hA95aaJnOn-cSIA,Wellington Coloni
UCwPdVunI5mD-dpuLogOawbw,http://www.youtube.com/channel/UCwPdVunI5mD-dpuLogOawbw,adumb
UCwRqWnW5ZkVaP_lZF7caZ-g,http://www.youtube.com/channel/UCwRqWnW5ZkVaP_lZF7caZ-g,Retro Game Mechanics Explained
UCwbeWInXAoxHQZSRi6AE7Bw,http://www.youtube.com/channel/UCwbeWInXAoxHQZSRi6AE7Bw,Kid Leaves Stoop
UCwhB8cJTSLxyubnKSS-PLJg,http://www.youtube.com/channel/UCwhB8cJTSLxyubnKSS-PLJg,MegaLag
UCwq9JpB9EEyXG7JouLQLuIg,http://www.youtube.com/channel/UCwq9JpB9EEyXG7JouLQLuIg,gillythekid
UCwsPUhCVbx82sfHyZce8Nug,http://www.youtube.com/channel/UCwsPUhCVbx82sfHyZce8Nug,Storster
UCwsavucaPo3tOGf7lF85WRA,http://www.youtube.com/channel/UCwsavucaPo3tOGf7lF85WRA,React Vienna
UCx6cailiCkg_mlMM7JX5yfA,http://www.youtube.com/channel/UCx6cailiCkg_mlMM7JX5yfA,James Channel
UCx7XOnnm5NYz6JxUuG_dSVw,http://www.youtube.com/channel/UCx7XOnnm5NYz6JxUuG_dSVw,Pillar of Garbage
UCxFriK3UgUnICp-cyaxRjCQ,http://www.youtube.com/channel/UCxFriK3UgUnICp-cyaxRjCQ,Dott (ドット)
UCxQbYGpbdrh-b2ND-AfIybg,http://www.youtube.com/channel/UCxQbYGpbdrh-b2ND-AfIybg,Maker's Muse
UCxddeIv7GdHNcVPZI9JvGXQ,http://www.youtube.com/channel/UCxddeIv7GdHNcVPZI9JvGXQ,eurothug4000
UCxgii5f9u4YgXCeubCozbEA,http://www.youtube.com/channel/UCxgii5f9u4YgXCeubCozbEA,DAZN Women's Football
UCxsHD9cToG5KLZWCMI4istw,http://www.youtube.com/channel/UCxsHD9cToG5KLZWCMI4istw,Aria Faith Jones
UCxt2r57cLastdmrReiQJkEg,http://www.youtube.com/channel/UCxt2r57cLastdmrReiQJkEg,Tom Nicholas
UCxwLxzmKrvSS-KQOZzdnFlA,http://www.youtube.com/channel/UCxwLxzmKrvSS-KQOZzdnFlA,TROOST-EKONG (M.O.N)
UCy0Pr5u-MwGXXzp_GDd4m_g,http://www.youtube.com/channel/UCy0Pr5u-MwGXXzp_GDd4m_g,Julie Nolke
UCy0tKL1T7wFoYcxCe0xjN6Q,http://www.youtube.com/channel/UCy0tKL1T7wFoYcxCe0xjN6Q,Technology Connections
UCyBAm31tEpZ17hka6ZvVqcg,http://www.youtube.com/channel/UCyBAm31tEpZ17hka6ZvVqcg,Remy Sharp
UCyRwp6dVeVpd11fBu7YPvgQ,http://www.youtube.com/channel/UCyRwp6dVeVpd11fBu7YPvgQ,Lukis3D Studio
UCyb1fq60w6JgYOzfdIpIE7Q,http://www.youtube.com/channel/UCyb1fq60w6JgYOzfdIpIE7Q,Restoration Road
UCyjqrS8J8FCtqOtYoYcIqGw,http://www.youtube.com/channel/UCyjqrS8J8FCtqOtYoYcIqGw,GraphQL Radio
UCykERqO6KgqYF6t3l_hNVfQ,http://www.youtube.com/channel/UCykERqO6KgqYF6t3l_hNVfQ,Euro Football Daily
UCz-BYvuntVRt_VpfR6FKXJw,http://www.youtube.com/channel/UCz-BYvuntVRt_VpfR6FKXJw,Kent C. Dodds
UCzMo7ZCU81ASgTb445vfzVw,http://www.youtube.com/channel/UCzMo7ZCU81ASgTb445vfzVw,MAR
UCzRWNciQKit-PBCdnvJgVkw,http://www.youtube.com/channel/UCzRWNciQKit-PBCdnvJgVkw,Bringle
UCzZO4F9Z9gOYoNIyL-XgYZQ,http://www.youtube.com/channel/UCzZO4F9Z9gOYoNIyL-XgYZQ,Dungeon Chill
UCzeE1HzCOaksVz_XKPzjvuA,http://www.youtube.com/channel/UCzeE1HzCOaksVz_XKPzjvuA,Kammerbild
UCzfWju7SFoWLCyV_gDVCrGA,http://www.youtube.com/channel/UCzfWju7SFoWLCyV_gDVCrGA,Imphenzia
UCzgA9CBrIXPtkB2yNTTiy1w,http://www.youtube.com/channel/UCzgA9CBrIXPtkB2yNTTiy1w,Level 2 Jeff
UCzghqpGuEmk4YdVewxA79GA,http://www.youtube.com/channel/UCzghqpGuEmk4YdVewxA79GA,Curtis Holt
UCzjc5u-yPodS9U9E4tpNRUw,http://www.youtube.com/channel/UCzjc5u-yPodS9U9E4tpNRUw,10min Gameplay
UCznj32AM2r98hZfTxrRo9bQ,http://www.youtube.com/channel/UCznj32AM2r98hZfTxrRo9bQ,Clear Code
UCzp1RaZ3HmejKl723qlKOAw,http://www.youtube.com/channel/UCzp1RaZ3HmejKl723qlKOAw,Bandwidth
UCzvdeK7Q0Arx-x3rd9Ama2A,http://www.youtube.com/channel/UCzvdeK7Q0Arx-x3rd9Ama2A,Blend Motion





